source_id,experiment_id,variant_label,grid_label,variable_id,year,value,units,family,driving,source,mip_era
GFDL-ESM4,esm-hist,r1i1p1f1,gn,co2mass,1850,283.496,ppm,historical,emissions,pangeo,CMIP6
GFDL-ESM4,esm-hist,r1i1p1f1,gn,co2mass,1851,283.963,ppm,historical,emissions,pangeo,CMIP6
GFDL-ESM4,esm-hist,r1i1p1f1,gn,co2mass,1852,284.498,ppm,historical,emissions,pangeo,CMIP6
GFDL-ESM4,esm-hist,r1i1p1f1,gn,co2mass,1853,285.168,ppm,historical,emissions,pangeo,CMIP6
GFDL-ESM4,esm-hist,r1i1p1f1,gn,co2mass,1854,284.93,ppm,historical,emissions,pangeo,CMIP6
GFDL-ESM4,esm-hist,r1i1p1f1,gn,co2mass,1855,284.568,ppm,historical,emissions,pangeo,CMIP6
GFDL-ESM4,esm-hist,r1i1p1f1,gn,co2mass,1856,285.453,ppm,historical,emissions,pangeo,CMIP6
GFDL-ESM4,esm-hist,r1i1p1f1,gn,co2mass,1857,285.274,ppm,historical,emissions,pangeo,CMIP6
GFDL-ESM4,esm-hist,r1i1p1f1,gn,co2mass,1858,285.26,ppm,historical,emissions,pangeo,CMIP6
GFDL-ESM4,esm-hist,r1i1p1f1,gn,co2mass,1859,285.685,ppm,historical,emissions,pangeo,CMIP6
GFDL-ESM4,esm-hist,r1i1p1f1,gn,co2mass,1860,285.113,ppm,historical,emissions,pangeo,CMIP6
GFDL-ESM4,esm-hist,r1i1p1f1,gn,co2mass,1861,284.247,ppm,historical,emissions,pangeo,CMIP6
GFDL-ESM4,esm-hist,r1i1p1f1,gn,co2mass,1862,285.118,ppm,historical,emissions,pangeo,CMIP6
GFDL-ESM4,esm-hist,r1i1p1f1,gn,co2mass,1863,286.248,ppm,historical,emissions,pangeo,CMIP6
GFDL-ESM4,esm-hist,r1i1p1f1,gn,co2mass,1864,286.882,ppm,historical,emissions,pangeo,CMIP6
GFDL-ESM4,esm-hist,r1i1p1f1,gn,co2mass,1865,286.779,ppm,historical,emissions,pangeo,CMIP6
GFDL-ESM4,esm-hist,r1i1p1f1,gn,co2mass,1866,286.58,ppm,historical,emissions,pangeo,CMIP6
GFDL-ESM4,esm-hist,r1i1p1f1,gn,co2mass,1867,286.608,ppm,historical,emissions,pangeo,CMIP6
GFDL-ESM4,esm-hist,r1i1p1f1,gn,co2mass,1868,286.476,ppm,historical,emissions,pangeo,CMIP6
GFDL-ESM4,esm-hist,r1i1p1f1,gn,co2mass,1869,286.913,ppm,historical,emissions,pangeo,CMIP6
GFDL-ESM4,esm-hist,r1i1p1f1,gn,co2mass,1870,286.31,ppm,historical,emissions,pangeo,CMIP6
GFDL-ESM4,esm-hist,r1i1p1f1,gn,co2mass,1871,287.025,ppm,historical,emissions,pangeo,CMIP6
GFDL-ESM4,esm-hist,r1i1p1f1,gn,co2mass,1872,288.834,ppm,historical,emissions,pangeo,CMIP6
GFDL-ESM4,esm-hist,r1i1p1f1,gn,co2mass,1873,288.911,ppm,historical,emissions,pangeo,CMIP6
GFDL-ESM4,esm-hist,r1i1p1f1,gn,co2mass,1874,289.511,ppm,historical,emissions,pangeo,CMIP6
GFDL-ESM4,esm-hist,r1i1p1f1,gn,co2mass,1875,290.386,ppm,historical,emissions,pangeo,CMIP6
GFDL-ESM4,esm-hist,r1i1p1f1,gn,co2mass,1876,291.003,ppm,historical,emissions,pangeo,CMIP6
GFDL-ESM4,esm-hist,r1i1p1f1,gn,co2mass,1877,291.026,ppm,historical,emissions,pangeo,CMIP6
GFDL-ESM4,esm-hist,r1i1p1f1,gn,co2mass,1878,290.421,ppm,historical,emissions,pangeo,CMIP6
GFDL-ESM4,esm-hist,r1i1p1f1,gn,co2mass,1879,289.81,ppm,historical,emissions,pangeo,CMIP6
GFDL-ESM4,esm-hist,r1i1p1f1,gn,co2mass,1880,290.185,ppm,historical,emissions,pangeo,CMIP6
GFDL-ESM4,esm-hist,r1i1p1f1,gn,co2mass,1881,291.413,ppm,historical,emissions,pangeo,CMIP6
GFDL-ESM4,esm-hist,r1i1p1f1,gn,co2mass,1882,291.486,ppm,historical,emissions,pangeo,CMIP6
GFDL-ESM4,esm-hist,r1i1p1f1,gn,co2mass,1883,290.478,ppm,historical,emissions,pangeo,CMIP6
GFDL-ESM4,esm-hist,r1i1p1f1,gn,co2mass,1884,289.936,ppm,historical,emissions,pangeo,CMIP6
GFDL-ESM4,esm-hist,r1i1p1f1,gn,co2mass,1885,289.929,ppm,historical,emissions,pangeo,CMIP6
GFDL-ESM4,esm-hist,r1i1p1f1,gn,co2mass,1886,290.262,ppm,historical,emissions,pangeo,CMIP6
GFDL-ESM4,esm-hist,r1i1p1f1,gn,co2mass,1887,291.646,ppm,historical,emissions,pangeo,CMIP6
GFDL-ESM4,esm-hist,r1i1p1f1,gn,co2mass,1888,293.402,ppm,historical,emissions,pangeo,CMIP6
GFDL-ESM4,esm-hist,r1i1p1f1,gn,co2mass,1889,292.399,ppm,historical,emissions,pangeo,CMIP6
GFDL-ESM4,esm-hist,r1i1p1f1,gn,co2mass,1890,291.137,ppm,historical,emissions,pangeo,CMIP6
GFDL-ESM4,esm-hist,r1i1p1f1,gn,co2mass,1891,291.617,ppm,historical,emissions,pangeo,CMIP6
GFDL-ESM4,esm-hist,r1i1p1f1,gn,co2mass,1892,292.833,ppm,historical,emissions,pangeo,CMIP6
GFDL-ESM4,esm-hist,r1i1p1f1,gn,co2mass,1893,293.475,ppm,historical,emissions,pangeo,CMIP6
GFDL-ESM4,esm-hist,r1i1p1f1,gn,co2mass,1894,293.733,ppm,historical,emissions,pangeo,CMIP6
GFDL-ESM4,esm-hist,r1i1p1f1,gn,co2mass,1895,294.339,ppm,historical,emissions,pangeo,CMIP6
GFDL-ESM4,esm-hist,r1i1p1f1,gn,co2mass,1896,294.27,ppm,historical,emissions,pangeo,CMIP6
GFDL-ESM4,esm-hist,r1i1p1f1,gn,co2mass,1897,294.121,ppm,historical,emissions,pangeo,CMIP6
GFDL-ESM4,esm-hist,r1i1p1f1,gn,co2mass,1898,294.816,ppm,historical,emissions,pangeo,CMIP6
GFDL-ESM4,esm-hist,r1i1p1f1,gn,co2mass,1899,296.026,ppm,historical,emissions,pangeo,CMIP6
GFDL-ESM4,esm-hist,r1i1p1f1,gn,co2mass,1900,296.846,ppm,historical,emissions,pangeo,CMIP6
GFDL-ESM4,esm-hist,r1i1p1f1,gn,co2mass,1901,297.221,ppm,historical,emissions,pangeo,CMIP6
GFDL-ESM4,esm-hist,r1i1p1f1,gn,co2mass,1902,297.595,ppm,historical,emissions,pangeo,CMIP6
GFDL-ESM4,esm-hist,r1i1p1f1,gn,co2mass,1903,298.445,ppm,historical,emissions,pangeo,CMIP6
GFDL-ESM4,esm-hist,r1i1p1f1,gn,co2mass,1904,298.097,ppm,historical,emissions,pangeo,CMIP6
GFDL-ESM4,esm-hist,r1i1p1f1,gn,co2mass,1905,297.67,ppm,historical,emissions,pangeo,CMIP6
GFDL-ESM4,esm-hist,r1i1p1f1,gn,co2mass,1906,297.065,ppm,historical,emissions,pangeo,CMIP6
GFDL-ESM4,esm-hist,r1i1p1f1,gn,co2mass,1907,297.496,ppm,historical,emissions,pangeo,CMIP6
GFDL-ESM4,esm-hist,r1i1p1f1,gn,co2mass,1908,298.351,ppm,historical,emissions,pangeo,CMIP6
GFDL-ESM4,esm-hist,r1i1p1f1,gn,co2mass,1909,298.23,ppm,historical,emissions,pangeo,CMIP6
GFDL-ESM4,esm-hist,r1i1p1f1,gn,co2mass,1910,298.978,ppm,historical,emissions,pangeo,CMIP6
GFDL-ESM4,esm-hist,r1i1p1f1,gn,co2mass,1911,301.297,ppm,historical,emissions,pangeo,CMIP6
GFDL-ESM4,esm-hist,r1i1p1f1,gn,co2mass,1912,300.738,ppm,historical,emissions,pangeo,CMIP6
GFDL-ESM4,esm-hist,r1i1p1f1,gn,co2mass,1913,300.194,ppm,historical,emissions,pangeo,CMIP6
GFDL-ESM4,esm-hist,r1i1p1f1,gn,co2mass,1914,301.453,ppm,historical,emissions,pangeo,CMIP6
GFDL-ESM4,esm-hist,r1i1p1f1,gn,co2mass,1915,302.423,ppm,historical,emissions,pangeo,CMIP6
GFDL-ESM4,esm-hist,r1i1p1f1,gn,co2mass,1916,303.029,ppm,historical,emissions,pangeo,CMIP6
GFDL-ESM4,esm-hist,r1i1p1f1,gn,co2mass,1917,302.711,ppm,historical,emissions,pangeo,CMIP6
GFDL-ESM4,esm-hist,r1i1p1f1,gn,co2mass,1918,302.567,ppm,historical,emissions,pangeo,CMIP6
GFDL-ESM4,esm-hist,r1i1p1f1,gn,co2mass,1919,303.352,ppm,historical,emissions,pangeo,CMIP6
GFDL-ESM4,esm-hist,r1i1p1f1,gn,co2mass,1920,303.969,ppm,historical,emissions,pangeo,CMIP6
GFDL-ESM4,esm-hist,r1i1p1f1,gn,co2mass,1921,304.255,ppm,historical,emissions,pangeo,CMIP6
GFDL-ESM4,esm-hist,r1i1p1f1,gn,co2mass,1922,305.247,ppm,historical,emissions,pangeo,CMIP6
GFDL-ESM4,esm-hist,r1i1p1f1,gn,co2mass,1923,306.777,ppm,historical,emissions,pangeo,CMIP6
GFDL-ESM4,esm-hist,r1i1p1f1,gn,co2mass,1924,306.206,ppm,historical,emissions,pangeo,CMIP6
GFDL-ESM4,esm-hist,r1i1p1f1,gn,co2mass,1925,306.232,ppm,historical,emissions,pangeo,CMIP6
GFDL-ESM4,esm-hist,r1i1p1f1,gn,co2mass,1926,307.001,ppm,historical,emissions,pangeo,CMIP6
GFDL-ESM4,esm-hist,r1i1p1f1,gn,co2mass,1927,307.252,ppm,historical,emissions,pangeo,CMIP6
GFDL-ESM4,esm-hist,r1i1p1f1,gn,co2mass,1928,307.851,ppm,historical,emissions,pangeo,CMIP6
GFDL-ESM4,esm-hist,r1i1p1f1,gn,co2mass,1929,307.988,ppm,historical,emissions,pangeo,CMIP6
GFDL-ESM4,esm-hist,r1i1p1f1,gn,co2mass,1930,307.445,ppm,historical,emissions,pangeo,CMIP6
GFDL-ESM4,esm-hist,r1i1p1f1,gn,co2mass,1931,307.568,ppm,historical,emissions,pangeo,CMIP6
GFDL-ESM4,esm-hist,r1i1p1f1,gn,co2mass,1932,308.947,ppm,historical,emissions,pangeo,CMIP6
GFDL-ESM4,esm-hist,r1i1p1f1,gn,co2mass,1933,309.709,ppm,historical,emissions,pangeo,CMIP6
GFDL-ESM4,esm-hist,r1i1p1f1,gn,co2mass,1934,310.243,ppm,historical,emissions,pangeo,CMIP6
GFDL-ESM4,esm-hist,r1i1p1f1,gn,co2mass,1935,310.513,ppm,historical,emissions,pangeo,CMIP6
GFDL-ESM4,esm-hist,r1i1p1f1,gn,co2mass,1936,310.19,ppm,historical,emissions,pangeo,CMIP6
GFDL-ESM4,esm-hist,r1i1p1f1,gn,co2mass,1937,310.711,ppm,historical,emissions,pangeo,CMIP6
GFDL-ESM4,esm-hist,r1i1p1f1,gn,co2mass,1938,311.393,ppm,historical,emissions,pangeo,CMIP6
GFDL-ESM4,esm-hist,r1i1p1f1,gn,co2mass,1939,312.103,ppm,historical,emissions,pangeo,CMIP6
GFDL-ESM4,esm-hist,r1i1p1f1,gn,co2mass,1940,312.13,ppm,historical,emissions,pangeo,CMIP6
GFDL-ESM4,esm-hist,r1i1p1f1,gn,co2mass,1941,312.469,ppm,historical,emissions,pangeo,CMIP6
GFDL-ESM4,esm-hist,r1i1p1f1,gn,co2mass,1942,314.245,ppm,historical,emissions,pangeo,CMIP6
GFDL-ESM4,esm-hist,r1i1p1f1,gn,co2mass,1943,314.753,ppm,historical,emissions,pangeo,CMIP6
GFDL-ESM4,esm-hist,r1i1p1f1,gn,co2mass,1944,315.116,ppm,historical,emissions,pangeo,CMIP6
GFDL-ESM4,esm-hist,r1i1p1f1,gn,co2mass,1945,315.826,ppm,historical,emissions,pangeo,CMIP6
GFDL-ESM4,esm-hist,r1i1p1f1,gn,co2mass,1946,315.762,ppm,historical,emissions,pangeo,CMIP6
GFDL-ESM4,esm-hist,r1i1p1f1,gn,co2mass,1947,316.094,ppm,historical,emissions,pangeo,CMIP6
GFDL-ESM4,esm-hist,r1i1p1f1,gn,co2mass,1948,316.895,ppm,historical,emissions,pangeo,CMIP6
GFDL-ESM4,esm-hist,r1i1p1f1,gn,co2mass,1949,317.351,ppm,historical,emissions,pangeo,CMIP6
GFDL-ESM4,esm-hist,r1i1p1f1,gn,co2mass,1950,317.19,ppm,historical,emissions,pangeo,CMIP6
GFDL-ESM4,esm-hist,r1i1p1f1,gn,co2mass,1951,318.207,ppm,historical,emissions,pangeo,CMIP6
GFDL-ESM4,esm-hist,r1i1p1f1,gn,co2mass,1952,319.877,ppm,historical,emissions,pangeo,CMIP6
GFDL-ESM4,esm-hist,r1i1p1f1,gn,co2mass,1953,320.145,ppm,historical,emissions,pangeo,CMIP6
GFDL-ESM4,esm-hist,r1i1p1f1,gn,co2mass,1954,320.472,ppm,historical,emissions,pangeo,CMIP6
GFDL-ESM4,esm-hist,r1i1p1f1,gn,co2mass,1955,321.815,ppm,historical,emissions,pangeo,CMIP6
GFDL-ESM4,esm-hist,r1i1p1f1,gn,co2mass,1956,323.549,ppm,historical,emissions,pangeo,CMIP6
GFDL-ESM4,esm-hist,r1i1p1f1,gn,co2mass,1957,324.993,ppm,historical,emissions,pangeo,CMIP6
GFDL-ESM4,esm-hist,r1i1p1f1,gn,co2mass,1958,325.774,ppm,historical,emissions,pangeo,CMIP6
GFDL-ESM4,esm-hist,r1i1p1f1,gn,co2mass,1959,326.424,ppm,historical,emissions,pangeo,CMIP6
GFDL-ESM4,esm-hist,r1i1p1f1,gn,co2mass,1960,327.554,ppm,historical,emissions,pangeo,CMIP6
GFDL-ESM4,esm-hist,r1i1p1f1,gn,co2mass,1961,328.243,ppm,historical,emissions,pangeo,CMIP6
GFDL-ESM4,esm-hist,r1i1p1f1,gn,co2mass,1962,328.727,ppm,historical,emissions,pangeo,CMIP6
GFDL-ESM4,esm-hist,r1i1p1f1,gn,co2mass,1963,329.509,ppm,historical,emissions,pangeo,CMIP6
GFDL-ESM4,esm-hist,r1i1p1f1,gn,co2mass,1964,330.482,ppm,historical,emissions,pangeo,CMIP6
GFDL-ESM4,esm-hist,r1i1p1f1,gn,co2mass,1965,331.489,ppm,historical,emissions,pangeo,CMIP6
GFDL-ESM4,esm-hist,r1i1p1f1,gn,co2mass,1966,331.9,ppm,historical,emissions,pangeo,CMIP6
GFDL-ESM4,esm-hist,r1i1p1f1,gn,co2mass,1967,333.54,ppm,historical,emissions,pangeo,CMIP6
GFDL-ESM4,esm-hist,r1i1p1f1,gn,co2mass,1968,334.868,ppm,historical,emissions,pangeo,CMIP6
GFDL-ESM4,esm-hist,r1i1p1f1,gn,co2mass,1969,335.708,ppm,historical,emissions,pangeo,CMIP6
GFDL-ESM4,esm-hist,r1i1p1f1,gn,co2mass,1970,336.212,ppm,historical,emissions,pangeo,CMIP6
GFDL-ESM4,esm-hist,r1i1p1f1,gn,co2mass,1971,337.599,ppm,historical,emissions,pangeo,CMIP6
GFDL-ESM4,esm-hist,r1i1p1f1,gn,co2mass,1972,339.976,ppm,historical,emissions,pangeo,CMIP6
GFDL-ESM4,esm-hist,r1i1p1f1,gn,co2mass,1973,341.751,ppm,historical,emissions,pangeo,CMIP6
GFDL-ESM4,esm-hist,r1i1p1f1,gn,co2mass,1974,342.008,ppm,historical,emissions,pangeo,CMIP6
GFDL-ESM4,esm-hist,r1i1p1f1,gn,co2mass,1975,342.694,ppm,historical,emissions,pangeo,CMIP6
GFDL-ESM4,esm-hist,r1i1p1f1,gn,co2mass,1976,345.632,ppm,historical,emissions,pangeo,CMIP6
GFDL-ESM4,esm-hist,r1i1p1f1,gn,co2mass,1977,348.103,ppm,historical,emissions,pangeo,CMIP6
GFDL-ESM4,esm-hist,r1i1p1f1,gn,co2mass,1978,349.54,ppm,historical,emissions,pangeo,CMIP6
GFDL-ESM4,esm-hist,r1i1p1f1,gn,co2mass,1979,350.789,ppm,historical,emissions,pangeo,CMIP6
GFDL-ESM4,esm-hist,r1i1p1f1,gn,co2mass,1980,353.255,ppm,historical,emissions,pangeo,CMIP6
GFDL-ESM4,esm-hist,r1i1p1f1,gn,co2mass,1981,355.548,ppm,historical,emissions,pangeo,CMIP6
GFDL-ESM4,esm-hist,r1i1p1f1,gn,co2mass,1982,356.344,ppm,historical,emissions,pangeo,CMIP6
GFDL-ESM4,esm-hist,r1i1p1f1,gn,co2mass,1983,357.111,ppm,historical,emissions,pangeo,CMIP6
GFDL-ESM4,esm-hist,r1i1p1f1,gn,co2mass,1984,358.784,ppm,historical,emissions,pangeo,CMIP6
GFDL-ESM4,esm-hist,r1i1p1f1,gn,co2mass,1985,360.535,ppm,historical,emissions,pangeo,CMIP6
GFDL-ESM4,esm-hist,r1i1p1f1,gn,co2mass,1986,361.931,ppm,historical,emissions,pangeo,CMIP6
GFDL-ESM4,esm-hist,r1i1p1f1,gn,co2mass,1987,363.516,ppm,historical,emissions,pangeo,CMIP6
GFDL-ESM4,esm-hist,r1i1p1f1,gn,co2mass,1988,365.295,ppm,historical,emissions,pangeo,CMIP6
GFDL-ESM4,esm-hist,r1i1p1f1,gn,co2mass,1989,368.266,ppm,historical,emissions,pangeo,CMIP6
GFDL-ESM4,esm-hist,r1i1p1f1,gn,co2mass,1990,370.422,ppm,historical,emissions,pangeo,CMIP6
GFDL-ESM4,esm-hist,r1i1p1f1,gn,co2mass,1991,371.816,ppm,historical,emissions,pangeo,CMIP6
GFDL-ESM4,esm-hist,r1i1p1f1,gn,co2mass,1992,372.574,ppm,historical,emissions,pangeo,CMIP6
GFDL-ESM4,esm-hist,r1i1p1f1,gn,co2mass,1993,373.373,ppm,historical,emissions,pangeo,CMIP6
GFDL-ESM4,esm-hist,r1i1p1f1,gn,co2mass,1994,375.387,ppm,historical,emissions,pangeo,CMIP6
GFDL-ESM4,esm-hist,r1i1p1f1,gn,co2mass,1995,377.452,ppm,historical,emissions,pangeo,CMIP6
GFDL-ESM4,esm-hist,r1i1p1f1,gn,co2mass,1996,379.595,ppm,historical,emissions,pangeo,CMIP6
GFDL-ESM4,esm-hist,r1i1p1f1,gn,co2mass,1997,381.911,ppm,historical,emissions,pangeo,CMIP6
GFDL-ESM4,esm-hist,r1i1p1f1,gn,co2mass,1998,383.499,ppm,historical,emissions,pangeo,CMIP6
GFDL-ESM4,esm-hist,r1i1p1f1,gn,co2mass,1999,385.541,ppm,historical,emissions,pangeo,CMIP6
GFDL-ESM4,esm-hist,r1i1p1f1,gn,co2mass,2000,386.234,ppm,historical,emissions,pangeo,CMIP6
GFDL-ESM4,esm-hist,r1i1p1f1,gn,co2mass,2001,387.55,ppm,historical,emissions,pangeo,CMIP6
GFDL-ESM4,esm-hist,r1i1p1f1,gn,co2mass,2002,390.4,ppm,historical,emissions,pangeo,CMIP6
GFDL-ESM4,esm-hist,r1i1p1f1,gn,co2mass,2003,392.02,ppm,historical,emissions,pangeo,CMIP6
GFDL-ESM4,esm-hist,r1i1p1f1,gn,co2mass,2004,393.194,ppm,historical,emissions,pangeo,CMIP6
GFDL-ESM4,esm-hist,r1i1p1f1,gn,co2mass,2005,395.444,ppm,historical,emissions,pangeo,CMIP6
GFDL-ESM4,esm-hist,r1i1p1f1,gn,co2mass,2006,398.186,ppm,historical,emissions,pangeo,CMIP6
GFDL-ESM4,esm-hist,r1i1p1f1,gn,co2mass,2007,400.765,ppm,historical,emissions,pangeo,CMIP6
GFDL-ESM4,esm-hist,r1i1p1f1,gn,co2mass,2008,403.21,ppm,historical,emissions,pangeo,CMIP6
GFDL-ESM4,esm-hist,r1i1p1f1,gn,co2mass,2009,406.567,ppm,historical,emissions,pangeo,CMIP6
GFDL-ESM4,esm-hist,r1i1p1f1,gn,co2mass,2010,409.587,ppm,historical,emissions,pangeo,CMIP6
GFDL-ESM4,esm-hist,r1i1p1f1,gn,co2mass,2011,411.8,ppm,historical,emissions,pangeo,CMIP6
GFDL-ESM4,esm-hist,r1i1p1f1,gn,co2mass,2012,414.606,ppm,historical,emissions,pangeo,CMIP6
GFDL-ESM4,esm-hist,r1i1p1f1,gn,co2mass,2013,418.022,ppm,historical,emissions,pangeo,CMIP6
GFDL-ESM4,esm-hist,r1i1p1f1,gn,co2mass,2014,421.218,ppm,historical,emissions,pangeo,CMIP6
