year,month,season,nino34_sst_3mon,cpc_oni,cpc_roni_v5,cpc_roni_v6
1950,1,DJF,25.0100,-1.3200,-1.5000,-1.2000
1950,2,JFM,25.3600,-1.2000,-1.3000,-1.1000
1950,3,FMA,25.8800,-1.1200,-1.1000,-1.0000
1950,4,MAM,26.2400,-1.0800,-1.1000,-1.0000
1950,5,AMJ,26.3500,-1.1000,-1.0000,-1.0000
1950,6,MJJ,26.3200,-0.9000,-0.7000,-0.7000
1950,7,JJA,26.2400,-0.6200,-0.4000,-0.4000
1950,8,JAS,25.9400,-0.5700,-0.2000,-0.3000
1950,9,ASO,25.7600,-0.5600,-0.2000,-0.3000
1950,10,SON,25.6000,-0.6200,-0.3000,-0.4000
1950,11,OND,25.5500,-0.6600,-0.4000,-0.4000
1950,12,NDJ,25.4100,-0.7900,-0.6000,-0.5000
1951,1,DJF,25.6700,-0.6600,-0.5000,-0.3000
1951,2,JFM,26.2000,-0.3600,-0.2000,0.1000
1951,3,FMA,26.9600,-0.0400,0.3000,0.5000
1951,4,MAM,27.4800,0.1600,0.6000,0.6000
1951,5,AMJ,27.7200,0.2700,0.6000,0.6000
1951,6,MJJ,27.7200,0.5000,0.7000,0.7000
1951,7,JJA,27.5700,0.7100,0.7000,0.8000
1951,8,JAS,27.4100,0.9000,0.8000,1.0000
1951,9,ASO,27.3400,1.0200,0.9000,1.0000
1951,10,SON,27.2500,1.0300,1.0000,1.0000
1951,11,OND,27.1800,0.9600,0.9000,0.9000
1951,12,NDJ,26.9100,0.7100,0.8000,0.7000
1952,1,DJF,26.8600,0.5200,0.6000,0.7000
1952,2,JFM,26.8200,0.2700,0.4000,0.3000
1952,3,FMA,27.3300,0.3300,0.4000,0.5000
1952,4,MAM,27.5000,0.1800,0.4000,0.2000
1952,5,AMJ,27.3800,-0.0700,0.3000,0.0000
1952,6,MJJ,26.7800,-0.4400,0.1000,-0.4000
1952,7,JJA,26.4100,-0.4500,0.0000,-0.4000
1952,8,JAS,26.3100,-0.2000,0.0000,-0.1000
1952,9,ASO,26.3500,0.0300,0.1000,0.1000
1952,10,SON,26.2600,0.0400,0.0000,0.0000
1952,11,OND,26.1100,-0.1100,0.0000,-0.1000
1952,12,NDJ,26.2500,0.0600,0.2000,0.1000
1953,1,DJF,26.5800,0.2500,0.5000,0.4000
1953,2,JFM,27.0600,0.5000,0.8000,0.7000
1953,3,FMA,27.4800,0.4800,0.8000,0.7000
1953,4,MAM,27.8800,0.5600,0.8000,0.7000
1953,5,AMJ,28.2200,0.7700,0.8000,0.9000
1953,6,MJJ,27.9600,0.7400,0.8000,0.8000
1953,7,JJA,27.4900,0.6300,0.7000,0.7000
1953,8,JAS,27.1900,0.6800,0.7000,0.7000
1953,9,ASO,26.9100,0.5900,0.7000,0.7000
1953,10,SON,27.0000,0.7800,0.8000,0.8000
1953,11,OND,26.7400,0.5200,0.8000,0.6000
1953,12,NDJ,26.7600,0.5600,0.9000,0.7000
1954,1,DJF,26.7400,0.4100,1.0000,0.6000
1954,2,JFM,26.9100,0.3500,0.7000,0.6000
1954,3,FMA,27.0100,0.0100,0.1000,0.3000
1954,4,MAM,27.0400,-0.2700,-0.2000,0.0000
1954,5,AMJ,26.9700,-0.4800,-0.3000,-0.2000
1954,6,MJJ,26.7400,-0.4800,-0.3000,-0.2000
1954,7,JJA,26.1800,-0.6700,-0.5000,-0.4000
1954,8,JAS,25.6800,-0.8300,-0.7000,-0.6000
1954,9,ASO,25.5800,-0.7300,-0.8000,-0.5000
1954,10,SON,25.7000,-0.5200,-0.7000,-0.3000
1954,11,OND,25.8200,-0.4000,-0.6000,-0.1000
1954,12,NDJ,25.7600,-0.4400,-0.4000,-0.2000
1955,1,DJF,25.8300,-0.5000,-0.4000,-0.1000
1955,2,JFM,26.0800,-0.4800,-0.3000,-0.1000
1955,3,FMA,26.4200,-0.5800,-0.3000,-0.1000
1955,4,MAM,26.5600,-0.7600,-0.4000,-0.4000
1955,5,AMJ,26.6700,-0.7800,-0.4000,-0.4000
1955,6,MJJ,26.3400,-0.8800,-0.4000,-0.5000
1955,7,JJA,26.1300,-0.7200,-0.4000,-0.4000
1955,8,JAS,25.5900,-0.9200,-0.6000,-0.7000
1955,9,ASO,25.2100,-1.1100,-1.0000,-0.9000
1955,10,SON,24.7800,-1.4400,-1.4000,-1.3000
1955,11,OND,24.6300,-1.5900,-1.6000,-1.4000
1955,12,NDJ,24.7300,-1.5100,-1.3000,-1.3000
1956,1,DJF,25.2000,-1.1700,-0.7000,-0.8000
1956,2,JFM,25.8200,-0.8100,-0.3000,-0.4000
1956,3,FMA,26.4700,-0.5700,-0.2000,-0.1000
1956,4,MAM,26.8400,-0.5100,-0.1000,-0.1000
1956,5,AMJ,27.0000,-0.4900,0.0000,0.0000
1956,6,MJJ,26.8100,-0.4700,-0.1000,0.0000
1956,7,JJA,26.3700,-0.5500,-0.3000,-0.1000
1956,8,JAS,26.0200,-0.5200,-0.3000,-0.2000
1956,9,ASO,25.9000,-0.4300,-0.3000,-0.1000
1956,10,SON,25.8500,-0.3900,-0.3000,-0.1000
1956,11,OND,25.8700,-0.3700,-0.4000,-0.1000
1956,12,NDJ,25.8700,-0.3900,-0.2000,-0.2000
1957,1,DJF,26.1100,-0.2700,0.0000,0.0000
1957,2,JFM,26.5700,-0.0600,0.4000,0.2000
1957,3,FMA,27.3000,0.2600,0.7000,0.5000
1957,4,MAM,27.9900,0.6300,1.0000,0.8000
1957,5,AMJ,28.2100,0.7200,1.1000,0.9000
1957,6,MJJ,28.0900,0.8200,1.2000,0.9000
1957,7,JJA,27.8800,0.9600,1.2000,1.0000
1957,8,JAS,27.5700,1.0300,1.3000,1.1000
1957,9,ASO,27.4500,1.1200,1.2000,1.1000
1957,10,SON,27.3800,1.1500,1.3000,1.2000
1957,11,OND,27.6300,1.3900,1.5000,1.5000
1957,12,NDJ,27.8700,1.6200,1.9000,1.8000
1958,1,DJF,28.0700,1.6900,2.0000,1.9000
1958,2,JFM,28.2100,1.5900,1.9000,1.8000
1958,3,FMA,28.2100,1.1700,1.4000,1.3000
1958,4,MAM,28.2000,0.8400,1.1000,1.0000
1958,5,AMJ,28.0600,0.5700,0.8000,0.7000
1958,6,MJJ,27.7700,0.4900,0.7000,0.6000
1958,7,JJA,27.3600,0.4300,0.5000,0.5000
1958,8,JAS,26.8600,0.3200,0.3000,0.3000
1958,9,ASO,26.6100,0.2800,0.2000,0.2000
1958,10,SON,26.5300,0.3000,0.3000,0.2000
1958,11,OND,26.6000,0.3600,0.4000,0.4000
1958,12,NDJ,26.8200,0.5600,0.7000,0.6000
1959,1,DJF,26.9900,0.6000,0.8000,0.8000
1959,2,JFM,27.2700,0.6400,0.8000,0.8000
1959,3,FMA,27.5100,0.4800,0.7000,0.6000
1959,4,MAM,27.7500,0.3900,0.4000,0.5000
1959,5,AMJ,27.7300,0.2400,0.3000,0.3000
1959,6,MJJ,27.2900,0.0200,-0.1000,0.1000
1959,7,JJA,26.7400,-0.1900,-0.2000,-0.1000
1959,8,JAS,26.3100,-0.2300,-0.4000,-0.2000
1959,9,ASO,26.2900,-0.0400,-0.3000,-0.1000
1959,10,SON,26.3400,0.1100,-0.3000,0.0000
1959,11,OND,26.4700,0.2300,-0.1000,0.2000
1959,12,NDJ,26.4000,0.1400,0.0000,0.2000
1960,1,DJF,26.4000,0.0200,0.0000,0.2000
1960,2,JFM,26.6500,0.0300,0.0000,0.2000
1960,3,FMA,27.1000,0.0600,0.0000,0.2000
1960,4,MAM,27.5200,0.1700,0.1000,0.3000
1960,5,AMJ,27.5300,0.0400,0.1000,0.2000
1960,6,MJJ,27.2700,0.0000,0.0000,0.1000
1960,7,JJA,26.9300,0.0100,0.1000,0.1000
1960,8,JAS,26.6900,0.1500,0.2000,0.2000
1960,9,ASO,26.5200,0.1900,0.2000,0.3000
1960,10,SON,26.3200,0.0800,0.1000,0.1000
1960,11,OND,26.1700,-0.0700,0.0000,-0.1000
1960,12,NDJ,26.1600,-0.0700,0.0000,-0.1000
1961,1,DJF,26.3400,0.0000,0.1000,0.0000
1961,2,JFM,26.6000,0.0300,0.1000,0.1000
1961,3,FMA,26.9800,0.0100,0.0000,0.0000
1961,4,MAM,27.3300,0.0500,0.1000,0.1000
1961,5,AMJ,27.6200,0.2200,0.3000,0.2000
1961,6,MJJ,27.4100,0.2200,0.3000,0.3000
1961,7,JJA,26.9400,0.0800,0.2000,0.2000
1961,8,JAS,26.3200,-0.2000,-0.1000,-0.1000
1961,9,ASO,26.0100,-0.3200,-0.3000,-0.2000
1961,10,SON,26.0200,-0.2200,-0.3000,-0.2000
1961,11,OND,26.0900,-0.1100,-0.2000,-0.1000
1961,12,NDJ,26.1400,-0.0500,-0.1000,0.0000
1962,1,DJF,26.1600,-0.1600,-0.1000,0.0000
1962,2,JFM,26.4000,-0.1700,-0.1000,0.0000
1962,3,FMA,26.8300,-0.1500,-0.1000,0.0000
1962,4,MAM,27.0900,-0.2000,-0.2000,-0.2000
1962,5,AMJ,27.2100,-0.1900,-0.3000,-0.2000
1962,6,MJJ,27.0600,-0.1300,-0.2000,-0.1000
1962,7,JJA,26.8500,0.0000,-0.1000,0.0000
1962,8,JAS,26.4200,-0.1000,-0.2000,-0.1000
1962,9,ASO,26.1700,-0.1600,-0.2000,-0.1000
1962,10,SON,25.9800,-0.2500,-0.4000,-0.3000
1962,11,OND,25.9500,-0.2500,-0.5000,-0.3000
1962,12,NDJ,25.8700,-0.3200,-0.5000,-0.4000
1963,1,DJF,25.9800,-0.3300,-0.4000,-0.3000
1963,2,JFM,26.4000,-0.1700,-0.1000,-0.1000
1963,3,FMA,26.9900,0.0100,0.2000,0.0000
1963,4,MAM,27.4100,0.1300,0.2000,0.1000
1963,5,AMJ,27.5200,0.1200,0.2000,0.0000
1963,6,MJJ,27.6400,0.4500,0.4000,0.4000
1963,7,JJA,27.6100,0.7600,0.7000,0.7000
1963,8,JAS,27.6100,1.0900,1.0000,1.1000
1963,9,ASO,27.4200,1.0900,1.0000,1.1000
1963,10,SON,27.3700,1.1300,1.1000,1.1000
1963,11,OND,27.3900,1.1900,1.2000,1.1000
1963,12,NDJ,27.3300,1.1300,1.3000,1.1000
1964,1,DJF,27.2600,0.9500,1.1000,1.0000
1964,2,JFM,27.0900,0.5200,0.7000,0.6000
1964,3,FMA,27.0400,0.0600,0.1000,0.1000
1964,4,MAM,26.9300,-0.3500,-0.4000,-0.4000
1964,5,AMJ,26.8000,-0.6000,-0.6000,-0.7000
1964,6,MJJ,26.5300,-0.6600,-0.6000,-0.7000
1964,7,JJA,26.1900,-0.6700,-0.6000,-0.6000
1964,8,JAS,25.8200,-0.7000,-0.6000,-0.5000
1964,9,ASO,25.6000,-0.7200,-0.7000,-0.5000
1964,10,SON,25.4400,-0.8000,-0.8000,-0.6000
1964,11,OND,25.4100,-0.7900,-0.7000,-0.6000
1964,12,NDJ,25.4500,-0.7500,-0.5000,-0.5000
1965,1,DJF,25.8000,-0.5100,-0.2000,-0.2000
1965,2,JFM,26.3200,-0.2500,0.1000,0.1000
1965,3,FMA,26.9300,-0.0400,0.2000,0.2000
1965,4,MAM,27.4500,0.1600,0.4000,0.4000
1965,5,AMJ,27.8600,0.4700,0.6000,0.6000
1965,6,MJJ,27.9800,0.7900,1.0000,1.0000
1965,7,JJA,27.9500,1.1000,1.4000,1.3000
1965,8,JAS,27.7900,1.2700,1.7000,1.5000
1965,9,ASO,27.8700,1.5500,1.9000,1.8000
1965,10,SON,27.9300,1.7000,2.0000,1.9000
1965,11,OND,28.0200,1.8200,2.0000,2.0000
1965,12,NDJ,27.8300,1.6000,1.9000,1.8000
1966,1,DJF,27.6100,1.2400,1.7000,1.5000
1966,2,JFM,27.6000,0.9500,1.5000,1.3000
1966,3,FMA,27.7900,0.7600,1.3000,1.0000
1966,4,MAM,27.7700,0.4300,0.9000,0.6000
1966,5,AMJ,27.6800,0.2400,0.5000,0.3000
1966,6,MJJ,27.4400,0.1800,0.3000,0.2000
1966,7,JJA,27.1800,0.2500,0.3000,0.3000
1966,8,JAS,26.7300,0.1300,0.1000,0.2000
1966,9,ASO,26.3400,-0.0900,0.0000,0.0000
1966,10,SON,26.2700,-0.1200,-0.1000,0.0000
1966,11,OND,26.1700,-0.2300,-0.1000,-0.1000
1966,12,NDJ,26.0200,-0.3500,-0.2000,-0.2000
1967,1,DJF,25.9700,-0.4600,-0.2000,-0.3000
1967,2,JFM,26.1800,-0.4800,-0.2000,-0.2000
1967,3,FMA,26.5300,-0.5000,-0.4000,-0.3000
1967,4,MAM,26.9700,-0.3700,-0.4000,-0.3000
1967,5,AMJ,27.3000,-0.1500,-0.2000,-0.1000
1967,6,MJJ,27.3100,0.0500,0.2000,0.2000
1967,7,JJA,26.9200,-0.0200,0.3000,0.2000
1967,8,JAS,26.3300,-0.2600,0.1000,0.0000
1967,9,ASO,26.0300,-0.4000,0.0000,-0.1000
1967,10,SON,25.9900,-0.4000,-0.1000,-0.1000
1967,11,OND,26.0300,-0.3600,0.0000,0.0000
1967,12,NDJ,25.9500,-0.4200,0.0000,0.0000
1968,1,DJF,25.8100,-0.6200,-0.2000,-0.2000
1968,2,JFM,25.9200,-0.7300,-0.3000,-0.4000
1968,3,FMA,26.4100,-0.6300,-0.3000,-0.3000
1968,4,MAM,26.8500,-0.4800,-0.2000,-0.3000
1968,5,AMJ,27.3500,-0.1000,0.2000,0.1000
1968,6,MJJ,27.4300,0.1700,0.5000,0.3000
1968,7,JJA,27.3700,0.4400,0.7000,0.6000
1968,8,JAS,26.9700,0.3800,0.6000,0.5000
1968,9,ASO,26.7800,0.3400,0.5000,0.4000
1968,10,SON,26.9000,0.5000,0.6000,0.6000
1968,11,OND,27.0600,0.6600,0.8000,0.7000
1968,12,NDJ,27.3000,0.9300,1.1000,1.0000
1969,1,DJF,27.4200,0.9800,1.2000,1.1000
1969,2,JFM,27.6300,0.9800,1.1000,1.0000
1969,3,FMA,27.8000,0.7700,0.9000,0.7000
1969,4,MAM,28.0200,0.6900,0.5000,0.4000
1969,5,AMJ,28.0600,0.6200,0.4000,0.4000
1969,6,MJJ,27.7400,0.4800,0.2000,0.3000
1969,7,JJA,27.3000,0.3700,0.2000,0.3000
1969,8,JAS,27.0000,0.4100,0.4000,0.3000
1969,9,ASO,27.0400,0.6100,0.7000,0.6000
1969,10,SON,27.1100,0.7100,0.8000,0.7000
1969,11,OND,27.2100,0.8100,0.7000,0.8000
1969,12,NDJ,27.0800,0.7100,0.6000,0.7000
1970,1,DJF,26.8900,0.4600,0.5000,0.5000
1970,2,JFM,26.8900,0.2300,0.3000,0.2000
1970,3,FMA,27.2700,0.2300,0.3000,0.2000
1970,4,MAM,27.6100,0.2800,0.1000,0.2000
1970,5,AMJ,27.5600,0.1100,0.0000,0.1000
1970,6,MJJ,27.0000,-0.2600,-0.3000,-0.2000
1970,7,JJA,26.3800,-0.5500,-0.6000,-0.5000
1970,8,JAS,25.8800,-0.7200,-0.7000,-0.6000
1970,9,ASO,25.7400,-0.6900,-0.7000,-0.5000
1970,10,SON,25.6700,-0.7200,-0.6000,-0.6000
1970,11,OND,25.6100,-0.7800,-0.7000,-0.5000
1970,12,NDJ,25.2900,-1.1000,-0.9000,-0.8000
1971,1,DJF,25.1700,-1.2900,-1.0000,-0.9000
1971,2,JFM,25.3400,-1.3600,-1.0000,-1.0000
1971,3,FMA,25.9700,-1.0800,-0.8000,-0.8000
1971,4,MAM,26.5500,-0.8100,-0.6000,-0.6000
1971,5,AMJ,26.7600,-0.7200,-0.5000,-0.5000
1971,6,MJJ,26.6200,-0.6900,-0.4000,-0.4000
1971,7,JJA,26.3000,-0.6800,-0.4000,-0.3000
1971,8,JAS,26.0500,-0.6000,-0.4000,-0.2000
1971,9,ASO,25.8100,-0.6800,-0.5000,-0.3000
1971,10,SON,25.6800,-0.7800,-0.5000,-0.4000
1971,11,OND,25.5900,-0.8600,-0.5000,-0.4000
1971,12,NDJ,25.6500,-0.7800,-0.5000,-0.4000
1972,1,DJF,25.9200,-0.5700,-0.3000,-0.2000
1972,2,JFM,26.4200,-0.2700,0.0000,0.0000
1972,3,FMA,27.0900,0.0400,0.4000,0.3000
1972,4,MAM,27.6100,0.2500,0.8000,0.5000
1972,5,AMJ,27.9600,0.4800,0.9000,0.7000
1972,6,MJJ,28.0000,0.7000,1.1000,0.9000
1972,7,JJA,27.9800,1.0000,1.3000,1.1000
1972,8,JAS,27.9100,1.2600,1.5000,1.4000
1972,9,ASO,27.9800,1.4900,1.7000,1.6000
1972,10,SON,28.1400,1.6900,2.0000,1.8000
1972,11,OND,28.3000,1.8400,2.2000,2.0000
1972,12,NDJ,28.2000,1.7700,2.3000,1.9000
1973,1,DJF,28.0300,1.5500,2.0000,1.7000
1973,2,JFM,27.8200,1.1300,1.4000,1.3000
1973,3,FMA,27.6100,0.5600,0.6000,0.6000
1973,4,MAM,27.3300,-0.0300,-0.2000,-0.2000
1973,5,AMJ,26.9700,-0.5100,-0.8000,-0.7000
1973,6,MJJ,26.5100,-0.8000,-1.1000,-1.0000
1973,7,JJA,25.9900,-0.9900,-1.2000,-1.1000
1973,8,JAS,25.5400,-1.1100,-1.4000,-1.2000
1973,9,ASO,25.2300,-1.2600,-1.5000,-1.3000
1973,10,SON,24.8700,-1.5800,-1.8000,-1.6000
1973,11,OND,24.5700,-1.8900,-1.9000,-1.9000
1973,12,NDJ,24.3900,-2.0400,-1.9000,-1.9000
1974,1,DJF,24.6100,-1.8700,-1.5000,-1.6000
1974,2,JFM,25.1000,-1.5900,-1.2000,-1.3000
1974,3,FMA,25.8200,-1.2400,-0.9000,-1.0000
1974,4,MAM,26.3700,-0.9900,-0.9000,-0.8000
1974,5,AMJ,26.7700,-0.7100,-0.8000,-0.6000
1974,6,MJJ,26.6700,-0.6400,-0.6000,-0.5000
1974,7,JJA,26.5200,-0.4600,-0.4000,-0.3000
1974,8,JAS,26.2500,-0.4000,-0.2000,-0.2000
1974,9,ASO,26.0200,-0.4700,-0.2000,-0.2000
1974,10,SON,25.7600,-0.6900,-0.4000,-0.4000
1974,11,OND,25.5700,-0.8800,-0.4000,-0.6000
1974,12,NDJ,25.7200,-0.7100,-0.2000,-0.3000
1975,1,DJF,25.9200,-0.5600,-0.1000,-0.1000
1975,2,JFM,26.1500,-0.5500,-0.1000,-0.1000
1975,3,FMA,26.4400,-0.6100,-0.3000,-0.3000
1975,4,MAM,26.7000,-0.6600,-0.5000,-0.4000
1975,5,AMJ,26.6800,-0.8000,-0.6000,-0.6000
1975,6,MJJ,26.3900,-0.9200,-0.8000,-0.7000
1975,7,JJA,25.9000,-1.0800,-0.9000,-0.9000
1975,8,JAS,25.5400,-1.1200,-0.9000,-0.9000
1975,9,ASO,25.2000,-1.2900,-1.0000,-1.0000
1975,10,SON,25.1400,-1.3200,-1.0000,-0.9000
1975,11,OND,24.9800,-1.4700,-1.1000,-1.0000
1975,12,NDJ,24.8400,-1.5800,-1.1000,-1.1000
1976,1,DJF,24.9800,-1.4900,-1.0000,-1.0000
1976,2,JFM,25.5500,-1.1100,-0.6000,-0.6000
1976,3,FMA,26.3700,-0.6500,-0.3000,-0.3000
1976,4,MAM,26.8700,-0.4500,-0.1000,-0.1000
1976,5,AMJ,27.2100,-0.2300,0.0000,0.0000
1976,6,MJJ,27.2800,0.0000,0.2000,0.3000
1976,7,JJA,27.2100,0.2300,0.5000,0.5000
1976,8,JAS,27.0900,0.4000,0.7000,0.7000
1976,9,ASO,27.1300,0.6000,0.9000,0.9000
1976,10,SON,27.2800,0.7900,1.1000,1.0000
1976,11,OND,27.2800,0.8100,1.1000,1.1000
1976,12,NDJ,27.2800,0.8400,1.1000,1.1000
1977,1,DJF,27.1900,0.7100,1.0000,1.0000
1977,2,JFM,27.3300,0.6600,0.9000,0.9000
1977,3,FMA,27.3500,0.3300,0.5000,0.5000
1977,4,MAM,27.5800,0.2600,0.3000,0.3000
1977,5,AMJ,27.7000,0.2600,0.2000,0.3000
1977,6,MJJ,27.7500,0.4600,0.4000,0.5000
1977,7,JJA,27.3700,0.3900,0.4000,0.5000
1977,8,JAS,27.0400,0.3500,0.6000,0.5000
1977,9,ASO,26.9700,0.4500,0.8000,0.6000
1977,10,SON,27.1700,0.6800,1.0000,0.9000
1977,11,OND,27.3100,0.8400,1.1000,1.1000
1977,12,NDJ,27.2500,0.8200,1.1000,1.1000
1978,1,DJF,27.1800,0.7100,0.9000,1.0000
1978,2,JFM,27.1900,0.5200,0.6000,0.7000
1978,3,FMA,27.1900,0.1700,0.1000,0.3000
1978,4,MAM,27.2600,-0.0600,-0.2000,-0.1000
1978,5,AMJ,27.1700,-0.2800,-0.4000,-0.3000
1978,6,MJJ,27.0500,-0.2400,-0.3000,-0.2000
1978,7,JJA,26.6100,-0.3700,-0.3000,-0.3000
1978,8,JAS,26.3200,-0.3700,-0.3000,-0.3000
1978,9,ASO,26.0800,-0.4400,-0.2000,-0.3000
1978,10,SON,26.2200,-0.2700,0.0000,-0.1000
1978,11,OND,26.4000,-0.0700,0.2000,0.2000
1978,12,NDJ,26.5400,0.1100,0.2000,0.3000
1979,1,DJF,26.6700,0.1900,0.2000,0.3000
1979,2,JFM,26.8800,0.2100,0.2000,0.3000
1979,3,FMA,27.3100,0.2900,0.2000,0.3000
1979,4,MAM,27.6400,0.3200,0.2000,0.2000
1979,5,AMJ,27.7300,0.2900,0.1000,0.1000
1979,6,MJJ,27.4300,0.1400,-0.1000,0.0000
1979,7,JJA,27.0700,0.0900,0.0000,0.0000
1979,8,JAS,26.9100,0.2200,0.2000,0.3000
1979,9,ASO,26.8600,0.3400,0.4000,0.4000
1979,10,SON,26.9600,0.4700,0.5000,0.5000
1979,11,OND,26.9700,0.5000,0.5000,0.5000
1979,12,NDJ,27.0700,0.6400,0.7000,0.6000
1980,1,DJF,27.0900,0.6200,0.6000,0.7000
1980,2,JFM,27.1400,0.4700,0.5000,0.5000
1980,3,FMA,27.3700,0.3500,0.3000,0.3000
1980,4,MAM,27.6700,0.3400,0.2000,0.1000
1980,5,AMJ,27.9000,0.4500,0.3000,0.3000
1980,6,MJJ,27.6800,0.4000,0.3000,0.3000
1980,7,JJA,27.1600,0.1800,0.2000,0.1000
1980,8,JAS,26.6200,-0.0600,0.0000,-0.1000
1980,9,ASO,26.3600,-0.1700,0.0000,-0.2000
1980,10,SON,26.4200,-0.0700,0.1000,-0.1000
1980,11,OND,26.5500,0.0800,0.2000,0.1000
1980,12,NDJ,26.4400,-0.0500,0.2000,0.1000
1981,1,DJF,26.3100,-0.2700,0.0000,0.0000
1981,2,JFM,26.4000,-0.4200,-0.3000,-0.2000
1981,3,FMA,26.7600,-0.4100,-0.3000,-0.3000
1981,4,MAM,27.2100,-0.2700,-0.3000,-0.2000
1981,5,AMJ,27.3000,-0.2800,-0.3000,-0.3000
1981,6,MJJ,27.1200,-0.2700,-0.3000,-0.3000
1981,7,JJA,26.7700,-0.2800,-0.3000,-0.2000
1981,8,JAS,26.5100,-0.2300,-0.2000,-0.2000
1981,9,ASO,26.4900,-0.0800,-0.1000,0.0000
1981,10,SON,26.3800,-0.1600,-0.2000,-0.2000
1981,11,OND,26.3400,-0.1900,-0.2000,-0.2000
1981,12,NDJ,26.4000,-0.1400,0.0000,-0.1000
1982,1,DJF,26.5500,-0.0500,0.1000,0.1000
1982,2,JFM,26.8300,0.0200,0.3000,0.2000
1982,3,FMA,27.2300,0.0700,0.4000,0.2000
1982,4,MAM,27.8200,0.3400,0.6000,0.5000
1982,5,AMJ,28.2300,0.6500,0.8000,0.7000
1982,6,MJJ,28.1200,0.7300,0.8000,0.8000
1982,7,JJA,27.8200,0.7800,0.9000,0.9000
1982,8,JAS,27.7200,0.9900,1.3000,1.1000
1982,9,ASO,28.0200,1.4500,1.8000,1.6000
1982,10,SON,28.3600,1.8200,2.2000,2.0000
1982,11,OND,28.5600,2.0300,2.4000,2.2000
1982,12,NDJ,28.6600,2.1200,2.5000,2.4000
1983,1,DJF,28.7400,2.1400,2.5000,2.4000
1983,2,JFM,28.7300,1.9100,2.2000,2.2000
1983,3,FMA,28.6900,1.5200,1.7000,1.7000
1983,4,MAM,28.7000,1.2300,1.4000,1.3000
1983,5,AMJ,28.5300,0.9500,1.0000,0.9000
1983,6,MJJ,28.0100,0.6200,0.6000,0.5000
1983,7,JJA,27.2900,0.2500,0.1000,0.0000
1983,8,JAS,26.6700,-0.0600,-0.2000,-0.2000
1983,9,ASO,26.1400,-0.4300,-0.6000,-0.6000
1983,10,SON,25.7800,-0.7600,-0.9000,-0.9000
1983,11,OND,25.5600,-0.9600,-1.1000,-1.1000
1983,12,NDJ,25.6500,-0.8900,-1.0000,-1.0000
1984,1,DJF,25.9700,-0.6300,-0.5000,-0.6000
1984,2,JFM,26.3000,-0.5100,-0.3000,-0.5000
1984,3,FMA,26.7800,-0.3800,-0.3000,-0.5000
1984,4,MAM,27.0000,-0.4700,-0.5000,-0.6000
1984,5,AMJ,27.0400,-0.5500,-0.6000,-0.6000
1984,6,MJJ,26.8700,-0.5200,-0.4000,-0.5000
1984,7,JJA,26.6500,-0.3900,-0.2000,-0.3000
1984,8,JAS,26.5100,-0.2200,-0.1000,-0.2000
1984,9,ASO,26.2500,-0.3200,-0.1000,-0.3000
1984,10,SON,25.9200,-0.6200,-0.5000,-0.6000
1984,11,OND,25.5700,-0.9500,-0.8000,-0.9000
1984,12,NDJ,25.4800,-1.0600,-1.0000,-0.9000
1985,1,DJF,25.5900,-1.0100,-0.8000,-0.8000
1985,2,JFM,25.9500,-0.8600,-0.6000,-0.7000
1985,3,FMA,26.3100,-0.8500,-0.6000,-0.7000
1985,4,MAM,26.6700,-0.8000,-0.7000,-0.8000
1985,5,AMJ,26.8000,-0.7900,-0.7000,-0.8000
1985,6,MJJ,26.7900,-0.6000,-0.5000,-0.5000
1985,7,JJA,26.6000,-0.4400,-0.4000,-0.3000
1985,8,JAS,26.4100,-0.3300,-0.3000,-0.2000
1985,9,ASO,26.2600,-0.3100,-0.2000,-0.2000
1985,10,SON,26.2400,-0.3000,-0.2000,-0.2000
1985,11,OND,26.2500,-0.2800,-0.1000,-0.1000
1985,12,NDJ,26.1500,-0.3600,-0.2000,-0.2000
1986,1,DJF,26.1500,-0.4000,-0.3000,-0.3000
1986,2,JFM,26.3800,-0.3800,-0.3000,-0.3000
1986,3,FMA,26.8900,-0.2500,-0.2000,-0.2000
1986,4,MAM,27.3100,-0.1700,-0.1000,-0.1000
1986,5,AMJ,27.5000,-0.0900,-0.1000,-0.1000
1986,6,MJJ,27.4200,0.0200,-0.1000,0.0000
1986,7,JJA,27.2900,0.2400,0.3000,0.3000
1986,8,JAS,27.2200,0.4600,0.6000,0.6000
1986,9,ASO,27.2400,0.6400,0.9000,0.8000
1986,10,SON,27.4200,0.8600,1.2000,1.0000
1986,11,OND,27.5700,1.0600,1.4000,1.2000
1986,12,NDJ,27.6900,1.2100,1.5000,1.4000
1987,1,DJF,27.7200,1.1800,1.6000,1.5000
1987,2,JFM,27.8900,1.1300,1.5000,1.4000
1987,3,FMA,28.1600,1.0200,1.3000,1.1000
1987,4,MAM,28.4200,0.9400,1.0000,0.9000
1987,5,AMJ,28.5300,0.9500,0.9000,0.8000
1987,6,MJJ,28.5100,1.1100,1.1000,0.9000
1987,7,JJA,28.3500,1.3000,1.3000,1.1000
1987,8,JAS,28.2300,1.4600,1.6000,1.3000
1987,9,ASO,28.1000,1.4900,1.5000,1.3000
1987,10,SON,27.9700,1.4100,1.3000,1.2000
1987,11,OND,27.7200,1.2000,1.0000,1.0000
1987,12,NDJ,27.4900,1.0000,0.9000,0.8000
1988,1,DJF,27.1700,0.6300,0.7000,0.5000
1988,2,JFM,27.1300,0.3700,0.3000,0.1000
1988,3,FMA,27.1100,-0.0300,-0.2000,-0.4000
1988,4,MAM,27.0300,-0.4500,-0.7000,-0.9000
1988,5,AMJ,26.6000,-0.9900,-1.4000,-1.5000
1988,6,MJJ,26.0900,-1.3000,-1.7000,-1.7000
1988,7,JJA,25.7500,-1.3000,-1.6000,-1.6000
1988,8,JAS,25.6300,-1.1400,-1.3000,-1.4000
1988,9,ASO,25.3400,-1.2700,-1.4000,-1.4000
1988,10,SON,25.0100,-1.5400,-1.6000,-1.7000
1988,11,OND,24.7000,-1.8100,-1.9000,-1.9000
1988,12,NDJ,24.6400,-1.8500,-1.9000,-1.9000
1989,1,DJF,24.9100,-1.6400,-1.7000,-1.6000
1989,2,JFM,25.3900,-1.3800,-1.4000,-1.4000
1989,3,FMA,26.0500,-1.0900,-1.1000,-1.1000
1989,4,MAM,26.6300,-0.8500,-0.8000,-0.9000
1989,5,AMJ,26.9800,-0.6100,-0.6000,-0.6000
1989,6,MJJ,27.0000,-0.4000,-0.4000,-0.4000
1989,7,JJA,26.6800,-0.3700,-0.3000,-0.4000
1989,8,JAS,26.4100,-0.3600,-0.3000,-0.4000
1989,9,ASO,26.2800,-0.3300,-0.2000,-0.3000
1989,10,SON,26.3100,-0.2500,-0.2000,-0.2000
1989,11,OND,26.3900,-0.1200,-0.1000,-0.1000
1989,12,NDJ,26.4500,-0.0400,0.0000,0.1000
1990,1,DJF,26.7300,0.1800,0.2000,0.3000
1990,2,JFM,26.9500,0.1900,0.3000,0.3000
1990,3,FMA,27.4400,0.3000,0.3000,0.3000
1990,4,MAM,27.7500,0.2700,0.3000,0.3000
1990,5,AMJ,27.8400,0.2500,0.2000,0.2000
1990,6,MJJ,27.6500,0.2500,0.2000,0.2000
1990,7,JJA,27.3100,0.2600,0.3000,0.2000
1990,8,JAS,27.0800,0.3200,0.4000,0.3000
1990,9,ASO,26.9200,0.3100,0.4000,0.3000
1990,10,SON,26.8300,0.2700,0.4000,0.3000
1990,11,OND,26.8200,0.3100,0.4000,0.3000
1990,12,NDJ,26.8800,0.3400,0.5000,0.4000
1991,1,DJF,26.9900,0.3500,0.6000,0.6000
1991,2,JFM,27.1600,0.2600,0.5000,0.5000
1991,3,FMA,27.5000,0.2300,0.4000,0.4000
1991,4,MAM,27.9000,0.2900,0.4000,0.4000
1991,5,AMJ,28.2100,0.4900,0.5000,0.6000
1991,6,MJJ,28.1800,0.6300,0.7000,0.7000
1991,7,JJA,27.9700,0.7700,0.8000,0.9000
1991,8,JAS,27.6000,0.6700,0.8000,0.8000
1991,9,ASO,27.4900,0.7200,0.9000,1.0000
1991,10,SON,27.5700,0.8300,1.2000,1.2000
1991,11,OND,27.8900,1.1800,1.7000,1.7000
1991,12,NDJ,28.0900,1.4300,2.1000,2.0000
1992,1,DJF,28.2400,1.5400,2.3000,2.1000
1992,2,JFM,28.4000,1.5000,2.2000,2.1000
1992,3,FMA,28.6700,1.4000,2.0000,1.9000
1992,4,MAM,28.9100,1.3000,1.7000,1.8000
1992,5,AMJ,28.8000,1.0800,1.4000,1.4000
1992,6,MJJ,28.2700,0.7200,0.9000,0.9000
1992,7,JJA,27.5500,0.3500,0.5000,0.5000
1992,8,JAS,27.0000,0.0800,0.3000,0.3000
1992,9,ASO,26.6300,-0.1500,0.2000,0.1000
1992,10,SON,26.5200,-0.2200,0.1000,0.1000
1992,11,OND,26.4700,-0.2400,0.1000,0.1000
1992,12,NDJ,26.6200,-0.0500,0.3000,0.4000
1993,1,DJF,26.8200,0.1300,0.5000,0.6000
1993,2,JFM,27.2100,0.3100,0.7000,0.7000
1993,3,FMA,27.7600,0.5000,0.9000,0.9000
1993,4,MAM,28.3400,0.7300,1.0000,1.1000
1993,5,AMJ,28.4800,0.7600,0.9000,1.0000
1993,6,MJJ,28.1100,0.5600,0.7000,0.8000
1993,7,JJA,27.4800,0.2800,0.5000,0.5000
1993,8,JAS,27.1400,0.2200,0.5000,0.5000
1993,9,ASO,26.9800,0.2000,0.5000,0.5000
1993,10,SON,26.9500,0.2000,0.4000,0.5000
1993,11,OND,26.9000,0.2000,0.3000,0.4000
1993,12,NDJ,26.8500,0.1900,0.3000,0.4000
1994,1,DJF,26.7700,0.0700,0.3000,0.3000
1994,2,JFM,26.9000,0.0000,0.3000,0.2000
1994,3,FMA,27.3100,0.0400,0.4000,0.2000
1994,4,MAM,27.7800,0.1700,0.5000,0.3000
1994,5,AMJ,27.9700,0.2500,0.6000,0.4000
1994,6,MJJ,27.7800,0.2300,0.6000,0.4000
1994,7,JJA,27.5100,0.3000,0.7000,0.5000
1994,8,JAS,27.2200,0.3000,0.8000,0.6000
1994,9,ASO,27.2500,0.4700,1.0000,0.8000
1994,10,SON,27.4000,0.6600,1.1000,1.0000
1994,11,OND,27.6400,0.9300,1.3000,1.2000
1994,12,NDJ,27.6400,0.9700,1.4000,1.3000
1995,1,DJF,27.5800,0.8800,1.3000,1.2000
1995,2,JFM,27.5600,0.6500,1.0000,0.9000
1995,3,FMA,27.7300,0.4600,0.7000,0.6000
1995,4,MAM,27.8000,0.1900,0.4000,0.2000
1995,5,AMJ,27.7500,0.0300,0.1000,-0.1000
1995,6,MJJ,27.4300,-0.1100,-0.1000,-0.2000
1995,7,JJA,26.9100,-0.3000,-0.3000,-0.4000
1995,8,JAS,26.3800,-0.5500,-0.5000,-0.6000
1995,9,ASO,25.9700,-0.8100,-0.7000,-0.8000
1995,10,SON,25.7800,-0.9700,-0.9000,-0.9000
1995,11,OND,25.6600,-1.0500,-0.9000,-1.0000
1995,12,NDJ,25.6400,-1.0100,-0.9000,-1.0000
1996,1,DJF,25.7800,-0.8800,-0.9000,-0.9000
1996,2,JFM,26.1500,-0.7000,-0.8000,-0.7000
1996,3,FMA,26.7200,-0.5200,-0.6000,-0.6000
1996,4,MAM,27.2500,-0.3600,-0.4000,-0.4000
1996,5,AMJ,27.4800,-0.2500,-0.3000,-0.2000
1996,6,MJJ,27.3000,-0.2400,-0.3000,-0.2000
1996,7,JJA,26.9900,-0.2200,-0.2000,-0.2000
1996,8,JAS,26.6500,-0.2700,-0.2000,-0.2000
1996,9,ASO,26.4500,-0.3000,-0.2000,-0.2000
1996,10,SON,26.3500,-0.3300,-0.3000,-0.2000
1996,11,OND,26.2400,-0.3900,-0.3000,-0.3000
1996,12,NDJ,26.1800,-0.4100,-0.3000,-0.3000
1997,1,DJF,26.2300,-0.4100,-0.2000,-0.2000
1997,2,JFM,26.5900,-0.2600,-0.1000,0.0000
1997,3,FMA,27.2100,-0.0300,0.2000,0.2000
1997,4,MAM,27.9000,0.3000,0.5000,0.5000
1997,5,AMJ,28.4400,0.7100,1.0000,0.8000
1997,6,MJJ,28.6700,1.1300,1.3000,1.2000
1997,7,JJA,28.6900,1.4800,1.7000,1.5000
1997,8,JAS,28.7000,1.7900,2.0000,1.8000
1997,9,ASO,28.7800,2.0400,2.3000,2.1000
1997,10,SON,28.9200,2.2400,2.4000,2.2000
1997,11,OND,28.9700,2.3400,2.4000,2.3000
1997,12,NDJ,28.9600,2.3700,2.3000,2.3000
1998,1,DJF,28.8500,2.2200,2.2000,2.1000
1998,2,JFM,28.7600,1.9100,1.8000,1.8000
1998,3,FMA,28.6400,1.4000,1.3000,1.2000
1998,4,MAM,28.6300,1.0300,0.8000,0.8000
1998,5,AMJ,28.1300,0.4000,0.1000,0.1000
1998,6,MJJ,27.4600,-0.0800,-0.5000,-0.5000
1998,7,JJA,26.5700,-0.6300,-1.2000,-1.0000
1998,8,JAS,26.0800,-0.8300,-1.4000,-1.1000
1998,9,ASO,25.7300,-1.0200,-1.5000,-1.2000
1998,10,SON,25.5600,-1.1200,-1.5000,-1.3000
1998,11,OND,25.3200,-1.3100,-1.6000,-1.5000
1998,12,NDJ,25.1200,-1.4700,-1.6000,-1.6000
1999,1,DJF,25.1200,-1.5100,-1.5000,-1.6000
1999,2,JFM,25.6000,-1.2500,-1.3000,-1.3000
1999,3,FMA,26.3100,-0.9300,-1.1000,-1.0000
1999,4,MAM,26.8000,-0.8000,-1.0000,-0.9000
1999,5,AMJ,26.9400,-0.7900,-1.0000,-0.8000
1999,6,MJJ,26.7000,-0.8400,-1.0000,-0.8000
1999,7,JJA,26.3000,-0.9000,-1.0000,-0.8000
1999,8,JAS,25.9700,-0.9400,-1.0000,-0.9000
1999,9,ASO,25.7500,-1.0000,-1.0000,-0.9000
1999,10,SON,25.5500,-1.1300,-1.1000,-1.1000
1999,11,OND,25.2700,-1.3500,-1.4000,-1.3000
1999,12,NDJ,25.0600,-1.5300,-1.6000,-1.6000
2000,1,DJF,25.1700,-1.4700,-1.7000,-1.5000
2000,2,JFM,25.5900,-1.2600,-1.4000,-1.3000
2000,3,FMA,26.2600,-0.9800,-1.1000,-1.1000
2000,4,MAM,26.7900,-0.8100,-0.8000,-0.9000
2000,5,AMJ,27.0600,-0.6700,-0.6000,-0.7000
2000,6,MJJ,26.9200,-0.6200,-0.5000,-0.5000
2000,7,JJA,26.7300,-0.4800,-0.4000,-0.3000
2000,8,JAS,26.5200,-0.4000,-0.4000,-0.3000
2000,9,ASO,26.3300,-0.4200,-0.4000,-0.4000
2000,10,SON,26.1400,-0.5400,-0.6000,-0.5000
2000,11,OND,25.8700,-0.7600,-0.7000,-0.8000
2000,12,NDJ,25.7800,-0.7800,-0.7000,-0.8000
2001,1,DJF,25.8200,-0.7600,-0.6000,-0.8000
2001,2,JFM,26.2500,-0.5400,-0.5000,-0.6000
2001,3,FMA,26.7900,-0.4300,-0.5000,-0.5000
2001,4,MAM,27.3400,-0.2900,-0.5000,-0.4000
2001,5,AMJ,27.5900,-0.1900,-0.3000,-0.3000
2001,6,MJJ,27.5300,-0.0800,-0.1000,-0.1000
2001,7,JJA,27.2400,-0.0500,0.0000,0.0000
2001,8,JAS,26.8600,-0.1300,0.0000,0.0000
2001,9,ASO,26.6700,-0.1500,0.0000,0.0000
2001,10,SON,26.5200,-0.2600,-0.2000,-0.2000
2001,11,OND,26.4000,-0.3300,-0.2000,-0.3000
2001,12,NDJ,26.3200,-0.3200,-0.3000,-0.3000
2002,1,DJF,26.4600,-0.1500,-0.1000,-0.2000
2002,2,JFM,26.8600,0.0700,0.0000,0.0000
2002,3,FMA,27.3400,0.1100,0.0000,0.0000
2002,4,MAM,27.7800,0.1500,0.1000,0.1000
2002,5,AMJ,28.0800,0.3000,0.4000,0.2000
2002,6,MJJ,28.0500,0.4500,0.7000,0.4000
2002,7,JJA,27.8500,0.5700,0.9000,0.6000
2002,8,JAS,27.6200,0.6300,1.1000,0.8000
2002,9,ASO,27.6000,0.7800,1.3000,1.0000
2002,10,SON,27.7700,0.9900,1.4000,1.2000
2002,11,OND,27.9200,1.1900,1.5000,1.3000
2002,12,NDJ,27.7200,1.0800,1.2000,1.1000
2003,1,DJF,27.5100,0.9000,0.9000,0.9000
2003,2,JFM,27.3900,0.5900,0.5000,0.5000
2003,3,FMA,27.6100,0.3800,0.2000,0.2000
2003,4,MAM,27.6200,-0.0100,-0.2000,-0.2000
2003,5,AMJ,27.6000,-0.1800,-0.4000,-0.3000
2003,6,MJJ,27.4700,-0.1300,-0.3000,-0.2000
2003,7,JJA,27.3800,0.0900,0.0000,0.0000
2003,8,JAS,27.1300,0.1400,0.2000,0.1000
2003,9,ASO,27.0500,0.2300,0.2000,0.2000
2003,10,SON,27.0000,0.2300,0.2000,0.2000
2003,11,OND,27.0200,0.2900,0.3000,0.3000
2003,12,NDJ,26.9300,0.2900,0.3000,0.2000
2004,1,DJF,26.9500,0.3400,0.3000,0.2000
2004,2,JFM,27.0600,0.2700,0.1000,0.1000
2004,3,FMA,27.4100,0.1900,0.1000,0.1000
2004,4,MAM,27.7200,0.1000,0.2000,0.1000
2004,5,AMJ,27.9000,0.1200,0.3000,0.2000
2004,6,MJJ,27.8300,0.2200,0.5000,0.4000
2004,7,JJA,27.6700,0.3900,0.7000,0.5000
2004,8,JAS,27.5300,0.5400,0.8000,0.7000
2004,9,ASO,27.4000,0.5800,0.9000,0.7000
2004,10,SON,27.3800,0.6100,0.8000,0.7000
2004,11,OND,27.3700,0.6400,0.7000,0.7000
2004,12,NDJ,27.3400,0.7100,0.7000,0.7000
2005,1,DJF,27.2300,0.6200,0.6000,0.5000
2005,2,JFM,27.3500,0.5500,0.4000,0.4000
2005,3,FMA,27.6200,0.4000,0.3000,0.3000
2005,4,MAM,27.9900,0.3700,0.3000,0.3000
2005,5,AMJ,28.0500,0.2700,0.2000,0.2000
2005,6,MJJ,27.7000,0.0900,0.0000,0.1000
2005,7,JJA,27.2400,-0.0400,-0.1000,-0.1000
2005,8,JAS,26.8500,-0.1400,-0.1000,-0.1000
2005,9,ASO,26.7100,-0.1100,0.0000,0.0000
2005,10,SON,26.5000,-0.2700,-0.2000,-0.2000
2005,11,OND,26.1600,-0.5700,-0.5000,-0.5000
2005,12,NDJ,25.8600,-0.8200,-0.8000,-0.8000
2006,1,DJF,25.8300,-0.8600,-0.9000,-0.9000
2006,2,JFM,26.1100,-0.8000,-0.9000,-0.9000
2006,3,FMA,26.7100,-0.6300,-0.6000,-0.7000
2006,4,MAM,27.2800,-0.4500,-0.4000,-0.5000
2006,5,AMJ,27.6900,-0.1900,-0.1000,-0.2000
2006,6,MJJ,27.6300,-0.0500,0.0000,0.0000
2006,7,JJA,27.4500,0.1200,0.1000,0.1000
2006,8,JAS,27.3200,0.3300,0.3000,0.4000
2006,9,ASO,27.3400,0.5400,0.5000,0.6000
2006,10,SON,27.4700,0.7100,0.8000,0.7000
2006,11,OND,27.6000,0.8800,0.9000,0.9000
2006,12,NDJ,27.5500,0.8800,0.9000,0.9000
2007,1,DJF,27.3000,0.6200,0.6000,0.6000
2007,2,JFM,27.1000,0.1900,0.2000,0.2000
2007,3,FMA,27.2200,-0.1200,-0.2000,-0.1000
2007,4,MAM,27.4100,-0.3200,-0.4000,-0.3000
2007,5,AMJ,27.5400,-0.3400,-0.4000,-0.4000
2007,6,MJJ,27.2700,-0.4100,-0.5000,-0.4000
2007,7,JJA,26.8400,-0.4900,-0.6000,-0.5000
2007,8,JAS,26.2200,-0.7700,-0.8000,-0.8000
2007,9,ASO,25.7500,-1.0500,-1.0000,-1.0000
2007,10,SON,25.3800,-1.3800,-1.3000,-1.3000
2007,11,OND,25.1500,-1.5700,-1.4000,-1.5000
2007,12,NDJ,24.9500,-1.7200,-1.5000,-1.6000
2008,1,DJF,24.9200,-1.7600,-1.6000,-1.7000
2008,2,JFM,25.2900,-1.6100,-1.5000,-1.6000
2008,3,FMA,25.9700,-1.3700,-1.3000,-1.4000
2008,4,MAM,26.6900,-1.0500,-0.9000,-1.0000
2008,5,AMJ,27.0300,-0.8500,-0.8000,-0.8000
2008,6,MJJ,27.1300,-0.5600,-0.5000,-0.5000
2008,7,JJA,26.9900,-0.3300,-0.3000,-0.2000
2008,8,JAS,26.7800,-0.2000,-0.2000,-0.2000
2008,9,ASO,26.5500,-0.2500,-0.3000,-0.3000
2008,10,SON,26.4000,-0.3600,-0.4000,-0.4000
2008,11,OND,26.1500,-0.5700,-0.6000,-0.6000
2008,12,NDJ,25.8700,-0.7900,-0.8000,-0.9000
2009,1,DJF,25.7900,-0.8900,-0.9000,-1.0000
2009,2,JFM,26.0700,-0.8400,-0.8000,-0.9000
2009,3,FMA,26.7100,-0.6300,-0.7000,-0.7000
2009,4,MAM,27.3800,-0.3500,-0.4000,-0.4000
2009,5,AMJ,27.9100,0.0300,-0.1000,0.0000
2009,6,MJJ,28.0300,0.3400,0.1000,0.2000
2009,7,JJA,27.8200,0.5000,0.3000,0.4000
2009,8,JAS,27.5500,0.5600,0.4000,0.4000
2009,9,ASO,27.4600,0.6600,0.6000,0.5000
2009,10,SON,27.6800,0.9200,0.9000,0.9000
2009,11,OND,28.0200,1.3100,1.3000,1.3000
2009,12,NDJ,28.1600,1.5000,1.6000,1.5000
2010,1,DJF,28.1500,1.4700,1.5000,1.4000
2010,2,JFM,28.1100,1.2100,1.1000,1.1000
2010,3,FMA,28.2200,0.8800,0.6000,0.7000
2010,4,MAM,28.1100,0.3800,0.1000,0.1000
2010,5,AMJ,27.7200,-0.1600,-0.5000,-0.5000
2010,6,MJJ,27.0300,-0.6600,-1.0000,-1.0000
2010,7,JJA,26.3400,-0.9800,-1.3000,-1.2000
2010,8,JAS,25.7400,-1.2400,-1.5000,-1.4000
2010,9,ASO,25.3700,-1.4300,-1.7000,-1.5000
2010,10,SON,25.2100,-1.5400,-1.7000,-1.6000
2010,11,OND,25.1400,-1.5700,-1.7000,-1.6000
2010,12,NDJ,25.1400,-1.4800,-1.6000,-1.5000
2011,1,DJF,25.2800,-1.2900,-1.4000,-1.4000
2011,2,JFM,25.7200,-1.0600,-1.2000,-1.2000
2011,3,FMA,26.3700,-0.8500,-0.9000,-1.0000
2011,4,MAM,26.9500,-0.6800,-0.7000,-0.8000
2011,5,AMJ,27.2900,-0.5000,-0.5000,-0.5000
2011,6,MJJ,27.2900,-0.3400,-0.3000,-0.3000
2011,7,JJA,26.9200,-0.3700,-0.4000,-0.3000
2011,8,JAS,26.4500,-0.5000,-0.5000,-0.4000
2011,9,ASO,26.0000,-0.7600,-0.7000,-0.7000
2011,10,SON,25.7700,-0.9400,-0.9000,-0.9000
2011,11,OND,25.6300,-1.0200,-1.0000,-1.0000
2011,12,NDJ,25.6400,-0.9200,-1.0000,-1.0000
2012,1,DJF,25.8400,-0.7100,-0.8000,-0.8000
2012,2,JFM,26.2200,-0.5600,-0.6000,-0.6000
2012,3,FMA,26.7900,-0.4400,-0.6000,-0.5000
2012,4,MAM,27.2900,-0.3500,-0.5000,-0.4000
2012,5,AMJ,27.6200,-0.1800,-0.3000,-0.3000
2012,6,MJJ,27.6600,0.0300,0.0000,0.0000
2012,7,JJA,27.5700,0.2800,0.3000,0.3000
2012,8,JAS,27.3500,0.3900,0.4000,0.4000
2012,9,ASO,27.1300,0.3700,0.4000,0.4000
2012,10,SON,26.9900,0.2800,0.2000,0.2000
2012,11,OND,26.7800,0.1300,-0.1000,0.0000
2012,12,NDJ,26.5300,-0.0300,-0.4000,-0.3000
2013,1,DJF,26.3000,-0.2400,-0.6000,-0.5000
2013,2,JFM,26.5000,-0.2800,-0.6000,-0.6000
2013,3,FMA,27.0000,-0.2300,-0.5000,-0.5000
2013,4,MAM,27.4300,-0.2000,-0.4000,-0.4000
2013,5,AMJ,27.4900,-0.3000,-0.4000,-0.5000
2013,6,MJJ,27.2400,-0.3800,-0.4000,-0.5000
2013,7,JJA,26.8400,-0.4500,-0.4000,-0.5000
2013,8,JAS,26.6100,-0.3400,-0.3000,-0.4000
2013,9,ASO,26.4500,-0.3200,-0.3000,-0.4000
2013,10,SON,26.5700,-0.1400,-0.2000,-0.2000
2013,11,OND,26.5300,-0.1200,-0.2000,-0.2000
2013,12,NDJ,26.4500,-0.1100,-0.3000,-0.3000
2014,1,DJF,26.3100,-0.2400,-0.5000,-0.4000
2014,2,JFM,26.5700,-0.2100,-0.5000,-0.4000
2014,3,FMA,27.2100,-0.0200,-0.3000,-0.1000
2014,4,MAM,27.8800,0.2500,0.0000,0.1000
2014,5,AMJ,28.1400,0.3500,0.1000,0.2000
2014,6,MJJ,27.8400,0.2200,0.0000,0.0000
2014,7,JJA,27.3600,0.0700,-0.1000,-0.1000
2014,8,JAS,27.0300,0.0700,-0.1000,-0.1000
2014,9,ASO,27.0000,0.2400,0.1000,0.1000
2014,10,SON,27.2200,0.5100,0.4000,0.4000
2014,11,OND,27.3500,0.7000,0.5000,0.5000
2014,12,NDJ,27.3600,0.8000,0.6000,0.6000
2015,1,DJF,27.2800,0.7300,0.5000,0.5000
2015,2,JFM,27.4300,0.6500,0.4000,0.5000
2015,3,FMA,27.9500,0.7200,0.5000,0.6000
2015,4,MAM,28.4900,0.8600,0.6000,0.7000
2015,5,AMJ,28.8300,1.0400,0.8000,0.9000
2015,6,MJJ,28.8200,1.1900,1.0000,1.0000
2015,7,JJA,28.7300,1.4400,1.3000,1.3000
2015,8,JAS,28.6900,1.7300,1.6000,1.5000
2015,9,ASO,28.7900,2.0200,1.9000,1.8000
2015,10,SON,28.9900,2.2800,2.2000,2.0000
2015,11,OND,29.1000,2.4500,2.3000,2.2000
2015,12,NDJ,29.1500,2.5900,2.4000,2.3000
2016,1,DJF,29.0500,2.5000,2.2000,2.1000
2016,2,JFM,28.9900,2.2100,1.8000,1.8000
2016,3,FMA,28.9200,1.6900,1.3000,1.3000
2016,4,MAM,28.7400,1.1100,0.5000,0.7000
2016,5,AMJ,28.3700,0.5700,-0.1000,0.1000
2016,6,MJJ,27.7200,0.0900,-0.6000,-0.4000
2016,7,JJA,27.1000,-0.1900,-0.9000,-0.7000
2016,8,JAS,26.6200,-0.3400,-1.0000,-0.8000
2016,9,ASO,26.3400,-0.4200,-1.1000,-0.9000
2016,10,SON,26.2000,-0.5100,-1.1000,-1.0000
2016,11,OND,26.1600,-0.4900,-1.1000,-1.0000
2016,12,NDJ,26.1900,-0.3700,-1.0000,-0.9000
2017,1,DJF,26.4700,-0.0800,-0.7000,-0.6000
2017,2,JFM,26.8600,0.0800,-0.5000,-0.4000
2017,3,FMA,27.5000,0.2700,-0.3000,-0.2000
2017,4,MAM,27.9500,0.3200,-0.1000,-0.1000
2017,5,AMJ,28.1500,0.3500,0.1000,0.0000
2017,6,MJJ,27.9400,0.3200,0.1000,0.0000
2017,7,JJA,27.4300,0.1400,-0.2000,-0.2000
2017,8,JAS,26.8900,-0.0700,-0.5000,-0.5000
2017,9,ASO,26.5400,-0.2300,-0.7000,-0.6000
2017,10,SON,26.2700,-0.4400,-1.0000,-0.8000
2017,11,OND,26.0400,-0.6100,-1.1000,-1.0000
2017,12,NDJ,25.8000,-0.7600,-1.3000,-1.1000
2018,1,DJF,25.8300,-0.7100,-1.1000,-1.1000
2018,2,JFM,26.1100,-0.6700,-1.0000,-1.0000
2018,3,FMA,26.6800,-0.5500,-0.9000,-0.9000
2018,4,MAM,27.2800,-0.3500,-0.7000,-0.7000
2018,5,AMJ,27.7200,-0.0700,-0.3000,-0.3000
2018,6,MJJ,27.7600,0.1300,0.0000,0.0000
2018,7,JJA,27.4900,0.2000,0.1000,0.1000
2018,8,JAS,27.2500,0.3000,0.2000,0.2000
2018,9,ASO,27.2800,0.5200,0.4000,0.4000
2018,10,SON,27.5300,0.8200,0.7000,0.6000
2018,11,OND,27.6900,1.0400,0.8000,0.8000
2018,12,NDJ,27.6100,1.0500,0.7000,0.8000
2019,1,DJF,27.5400,0.9900,0.6000,0.7000
2019,2,JFM,27.7200,0.9400,0.6000,0.6000
2019,3,FMA,28.1000,0.8700,0.6000,0.6000
2019,4,MAM,28.4500,0.8200,0.5000,0.5000
2019,5,AMJ,28.5000,0.7100,0.3000,0.4000
2019,6,MJJ,28.2100,0.5900,0.2000,0.2000
2019,7,JJA,27.6700,0.3800,0.0000,0.0000
2019,8,JAS,27.1600,0.2000,-0.1000,-0.1000
2019,9,ASO,27.0700,0.3100,0.0000,0.0000
2019,10,SON,27.2200,0.5100,0.1000,0.2000
2019,11,OND,27.3700,0.7200,0.2000,0.3000
2019,12,NDJ,27.3100,0.7500,0.2000,0.2000
2020,1,DJF,27.2500,0.7100,0.1000,0.1000
2020,2,JFM,27.4400,0.6600,0.1000,0.1000
2020,3,FMA,27.8000,0.5700,0.0000,0.0000
2020,4,MAM,27.9700,0.3300,-0.3000,-0.3000
2020,5,AMJ,27.8300,0.0400,-0.6000,-0.5000
2020,6,MJJ,27.4500,-0.1800,-0.8000,-0.7000
2020,7,JJA,27.0000,-0.2900,-0.8000,-0.8000
2020,8,JAS,26.5200,-0.4300,-0.9000,-0.8000
2020,9,ASO,25.9900,-0.7700,-1.2000,-1.2000
2020,10,SON,25.7100,-1.0000,-1.5000,-1.4000
2020,11,OND,25.5400,-1.1100,-1.5000,-1.5000
2020,12,NDJ,25.5000,-1.0600,-1.4000,-1.4000
2021,1,DJF,25.5500,-0.9900,-1.2000,-1.3000
2021,2,JFM,25.9200,-0.8500,-1.0000,-1.2000
2021,3,FMA,26.4800,-0.7400,-1.0000,-1.1000
2021,4,MAM,27.0700,-0.5600,-0.8000,-0.9000
2021,5,AMJ,27.3900,-0.4000,-0.6000,-0.7000
2021,6,MJJ,27.3100,-0.3100,-0.5000,-0.6000
2021,7,JJA,26.9500,-0.3500,-0.6000,-0.6000
2021,8,JAS,26.4900,-0.4600,-0.7000,-0.8000
2021,9,ASO,26.1300,-0.6400,-0.9000,-0.9000
2021,10,SON,25.9400,-0.7700,-1.1000,-1.1000
2021,11,OND,25.7400,-0.9100,-1.2000,-1.2000
2021,12,NDJ,25.7300,-0.8300,-1.2000,-1.2000
2022,1,DJF,25.7900,-0.7600,-1.2000,-1.2000
2022,2,JFM,26.0900,-0.6800,-1.2000,-1.1000
2022,3,FMA,26.4600,-0.7700,-1.3000,-1.2000
2022,4,MAM,26.7700,-0.8600,-1.3000,-1.3000
2022,5,AMJ,26.9600,-0.8300,-1.2000,-1.2000
2022,6,MJJ,26.9000,-0.7300,-1.0000,-0.9000
2022,7,JJA,26.5900,-0.7000,-0.9000,-0.9000
2022,8,JAS,26.1800,-0.7800,-1.0000,-0.9000
2022,9,ASO,25.8900,-0.8700,-1.1000,-1.1000
2022,10,SON,25.8200,-0.8900,-1.1000,-1.1000
2022,11,OND,25.8300,-0.8200,-1.0000,-1.1000
2022,12,NDJ,25.8600,-0.7000,-1.0000,-1.0000
2023,1,DJF,26.0000,-0.5500,-0.8000,-0.9000
2023,2,JFM,26.4500,-0.3300,-0.6000,-0.7000
2023,3,FMA,27.1200,-0.1100,-0.4000,-0.5000
2023,4,MAM,27.8200,0.1900,-0.2000,-0.3000
2023,5,AMJ,28.2500,0.4600,0.1000,0.0000
2023,6,MJJ,28.3600,0.7300,0.4000,0.3000
2023,7,JJA,28.2900,1.0000,0.6000,0.5000
2023,8,JAS,28.2100,1.2500,0.9000,0.8000
2023,9,ASO,28.2600,1.5000,1.1000,1.0000
2023,10,SON,28.4500,1.7400,1.4000,1.3000
2023,11,OND,28.5500,1.9000,1.5000,1.4000
2023,12,NDJ,28.5500,1.9900,1.5000,1.4000
2024,1,DJF,28.3800,1.8400,1.2000,1.1000
2024,2,JFM,28.3000,1.5300,0.9000,0.8000
2024,3,FMA,28.4000,1.1800,0.5000,0.4000
2024,4,MAM,28.4000,0.7700,0.1000,0.0000
2024,5,AMJ,28.2300,0.4300,-0.3000,-0.3000
2024,6,MJJ,27.8000,0.1800,-0.5000,-0.4000
2024,7,JJA,27.3500,0.0600,-0.5000,-0.5000
2024,8,JAS,26.9200,-0.0400,-0.6000,-0.6000
2024,9,ASO,26.6400,-0.1200,-0.8000,-0.7000
2024,10,SON,26.5200,-0.1900,-0.8000,-0.8000
2024,11,OND,26.3500,-0.2900,-0.9000,-0.9000
2024,12,NDJ,26.1300,-0.4300,-1.1000,-1.0000
2025,1,DJF,26.0900,-0.4600,-1.1000,-1.1000
2025,2,JFM,26.5600,-0.2200,-0.9000,-0.8000
2025,3,FMA,27.1500,-0.0800,-0.7000,-0.7000
2025,4,MAM,27.6500,0.0200,-0.5000,-0.5000
2025,5,AMJ,27.7600,-0.0400,-0.5000,-0.5000
2025,6,MJJ,27.6100,-0.0200,-0.4000,-0.4000
2025,7,JJA,27.1800,-0.1100,-0.5000,-0.4000
2025,8,JAS,26.7000,-0.2600,-0.6000,-0.6000
2025,9,ASO,26.3300,-0.4300,-0.8000,-0.8000
2025,10,SON,26.1400,-0.5700,-0.9000,-0.9000
2025,11,OND,26.0400,-0.6100,-0.9000,-1.0000
2025,12,NDJ,25.9600,-0.6000,-1.0000,-1.0000
2026,1,DJF,26.1500,-0.3900,-0.9000,-0.9000
2026,2,JFM,26.5700,-0.2100,-0.7000,-0.8000
2026,3,FMA,27.3400,0.1100,-0.4000,-0.4000
2026,4,MAM,28.0900,0.4600,0.0000,0.0000
2026,5,AMJ,28.7400,0.9500,0.5000,0.5000
2026,6,MJJ,29.0200,1.3900,,1.0000
2026,7,JJA,29.0900,1.8000,,1.4000
2026,8,JAS,29.1200,2.1600,,1.7000
