source_id,experiment_id,variant_label,grid_label,variable_id,year,value,units,family,driving,source
UKESM1-3-LL,esm-hist,r4i1p1f1,g110,co2,1850,285.431,ppm,historical,emissions,esgf
UKESM1-3-LL,esm-hist,r4i1p1f1,g110,co2,1851,285.897,ppm,historical,emissions,esgf
UKESM1-3-LL,esm-hist,r4i1p1f1,g110,co2,1852,286.502,ppm,historical,emissions,esgf
UKESM1-3-LL,esm-hist,r4i1p1f1,g110,co2,1853,286.662,ppm,historical,emissions,esgf
UKESM1-3-LL,esm-hist,r4i1p1f1,g110,co2,1854,287.103,ppm,historical,emissions,esgf
UKESM1-3-LL,esm-hist,r4i1p1f1,g110,co2,1855,287.054,ppm,historical,emissions,esgf
UKESM1-3-LL,esm-hist,r4i1p1f1,g110,co2,1856,287.009,ppm,historical,emissions,esgf
UKESM1-3-LL,esm-hist,r4i1p1f1,g110,co2,1857,286.721,ppm,historical,emissions,esgf
UKESM1-3-LL,esm-hist,r4i1p1f1,g110,co2,1858,286.774,ppm,historical,emissions,esgf
UKESM1-3-LL,esm-hist,r4i1p1f1,g110,co2,1859,286.752,ppm,historical,emissions,esgf
UKESM1-3-LL,esm-hist,r4i1p1f1,g110,co2,1860,286.977,ppm,historical,emissions,esgf
UKESM1-3-LL,esm-hist,r4i1p1f1,g110,co2,1861,286.466,ppm,historical,emissions,esgf
UKESM1-3-LL,esm-hist,r4i1p1f1,g110,co2,1862,286.249,ppm,historical,emissions,esgf
UKESM1-3-LL,esm-hist,r4i1p1f1,g110,co2,1863,285.637,ppm,historical,emissions,esgf
UKESM1-3-LL,esm-hist,r4i1p1f1,g110,co2,1864,285.707,ppm,historical,emissions,esgf
UKESM1-3-LL,esm-hist,r4i1p1f1,g110,co2,1865,286.324,ppm,historical,emissions,esgf
UKESM1-3-LL,esm-hist,r4i1p1f1,g110,co2,1866,286.571,ppm,historical,emissions,esgf
UKESM1-3-LL,esm-hist,r4i1p1f1,g110,co2,1867,286.353,ppm,historical,emissions,esgf
UKESM1-3-LL,esm-hist,r4i1p1f1,g110,co2,1868,285.769,ppm,historical,emissions,esgf
UKESM1-3-LL,esm-hist,r4i1p1f1,g110,co2,1869,285.56,ppm,historical,emissions,esgf
UKESM1-3-LL,esm-hist,r4i1p1f1,g110,co2,1870,285.303,ppm,historical,emissions,esgf
UKESM1-3-LL,esm-hist,r4i1p1f1,g110,co2,1871,285.545,ppm,historical,emissions,esgf
UKESM1-3-LL,esm-hist,r4i1p1f1,g110,co2,1872,286.553,ppm,historical,emissions,esgf
UKESM1-3-LL,esm-hist,r4i1p1f1,g110,co2,1873,286.992,ppm,historical,emissions,esgf
UKESM1-3-LL,esm-hist,r4i1p1f1,g110,co2,1874,287.113,ppm,historical,emissions,esgf
UKESM1-3-LL,esm-hist,r4i1p1f1,g110,co2,1875,286.917,ppm,historical,emissions,esgf
UKESM1-3-LL,esm-hist,r4i1p1f1,g110,co2,1876,287.138,ppm,historical,emissions,esgf
UKESM1-3-LL,esm-hist,r4i1p1f1,g110,co2,1877,287.391,ppm,historical,emissions,esgf
UKESM1-3-LL,esm-hist,r4i1p1f1,g110,co2,1878,287.681,ppm,historical,emissions,esgf
UKESM1-3-LL,esm-hist,r4i1p1f1,g110,co2,1879,287.86,ppm,historical,emissions,esgf
UKESM1-3-LL,esm-hist,r4i1p1f1,g110,co2,1880,287.905,ppm,historical,emissions,esgf
UKESM1-3-LL,esm-hist,r4i1p1f1,g110,co2,1881,287.954,ppm,historical,emissions,esgf
UKESM1-3-LL,esm-hist,r4i1p1f1,g110,co2,1882,288.212,ppm,historical,emissions,esgf
UKESM1-3-LL,esm-hist,r4i1p1f1,g110,co2,1883,288.77,ppm,historical,emissions,esgf
UKESM1-3-LL,esm-hist,r4i1p1f1,g110,co2,1884,288.103,ppm,historical,emissions,esgf
UKESM1-3-LL,esm-hist,r4i1p1f1,g110,co2,1885,287.011,ppm,historical,emissions,esgf
UKESM1-3-LL,esm-hist,r4i1p1f1,g110,co2,1886,287.413,ppm,historical,emissions,esgf
UKESM1-3-LL,esm-hist,r4i1p1f1,g110,co2,1887,287.554,ppm,historical,emissions,esgf
UKESM1-3-LL,esm-hist,r4i1p1f1,g110,co2,1888,287.643,ppm,historical,emissions,esgf
UKESM1-3-LL,esm-hist,r4i1p1f1,g110,co2,1889,287.906,ppm,historical,emissions,esgf
UKESM1-3-LL,esm-hist,r4i1p1f1,g110,co2,1890,287.993,ppm,historical,emissions,esgf
UKESM1-3-LL,esm-hist,r4i1p1f1,g110,co2,1891,288.325,ppm,historical,emissions,esgf
UKESM1-3-LL,esm-hist,r4i1p1f1,g110,co2,1892,288.606,ppm,historical,emissions,esgf
UKESM1-3-LL,esm-hist,r4i1p1f1,g110,co2,1893,288.772,ppm,historical,emissions,esgf
UKESM1-3-LL,esm-hist,r4i1p1f1,g110,co2,1894,289.107,ppm,historical,emissions,esgf
UKESM1-3-LL,esm-hist,r4i1p1f1,g110,co2,1895,289.27,ppm,historical,emissions,esgf
UKESM1-3-LL,esm-hist,r4i1p1f1,g110,co2,1896,289.865,ppm,historical,emissions,esgf
UKESM1-3-LL,esm-hist,r4i1p1f1,g110,co2,1897,290.164,ppm,historical,emissions,esgf
UKESM1-3-LL,esm-hist,r4i1p1f1,g110,co2,1898,290.081,ppm,historical,emissions,esgf
UKESM1-3-LL,esm-hist,r4i1p1f1,g110,co2,1899,290.355,ppm,historical,emissions,esgf
UKESM1-3-LL,esm-hist,r4i1p1f1,g110,co2,1900,290.45,ppm,historical,emissions,esgf
UKESM1-3-LL,esm-hist,r4i1p1f1,g110,co2,1901,291.007,ppm,historical,emissions,esgf
UKESM1-3-LL,esm-hist,r4i1p1f1,g110,co2,1902,291.935,ppm,historical,emissions,esgf
UKESM1-3-LL,esm-hist,r4i1p1f1,g110,co2,1903,292.159,ppm,historical,emissions,esgf
UKESM1-3-LL,esm-hist,r4i1p1f1,g110,co2,1904,292.174,ppm,historical,emissions,esgf
UKESM1-3-LL,esm-hist,r4i1p1f1,g110,co2,1905,292.391,ppm,historical,emissions,esgf
UKESM1-3-LL,esm-hist,r4i1p1f1,g110,co2,1906,293.095,ppm,historical,emissions,esgf
UKESM1-3-LL,esm-hist,r4i1p1f1,g110,co2,1907,293.598,ppm,historical,emissions,esgf
UKESM1-3-LL,esm-hist,r4i1p1f1,g110,co2,1908,294.32,ppm,historical,emissions,esgf
UKESM1-3-LL,esm-hist,r4i1p1f1,g110,co2,1909,294.964,ppm,historical,emissions,esgf
UKESM1-3-LL,esm-hist,r4i1p1f1,g110,co2,1910,295.492,ppm,historical,emissions,esgf
UKESM1-3-LL,esm-hist,r4i1p1f1,g110,co2,1911,295.986,ppm,historical,emissions,esgf
UKESM1-3-LL,esm-hist,r4i1p1f1,g110,co2,1912,296.32,ppm,historical,emissions,esgf
UKESM1-3-LL,esm-hist,r4i1p1f1,g110,co2,1913,295.991,ppm,historical,emissions,esgf
UKESM1-3-LL,esm-hist,r4i1p1f1,g110,co2,1914,296.259,ppm,historical,emissions,esgf
UKESM1-3-LL,esm-hist,r4i1p1f1,g110,co2,1915,296.707,ppm,historical,emissions,esgf
UKESM1-3-LL,esm-hist,r4i1p1f1,g110,co2,1916,297.461,ppm,historical,emissions,esgf
UKESM1-3-LL,esm-hist,r4i1p1f1,g110,co2,1917,298.074,ppm,historical,emissions,esgf
UKESM1-3-LL,esm-hist,r4i1p1f1,g110,co2,1918,297.884,ppm,historical,emissions,esgf
UKESM1-3-LL,esm-hist,r4i1p1f1,g110,co2,1919,297.539,ppm,historical,emissions,esgf
UKESM1-3-LL,esm-hist,r4i1p1f1,g110,co2,1920,297.584,ppm,historical,emissions,esgf
UKESM1-3-LL,esm-hist,r4i1p1f1,g110,co2,1921,298.38,ppm,historical,emissions,esgf
UKESM1-3-LL,esm-hist,r4i1p1f1,g110,co2,1922,299.602,ppm,historical,emissions,esgf
UKESM1-3-LL,esm-hist,r4i1p1f1,g110,co2,1923,300.096,ppm,historical,emissions,esgf
UKESM1-3-LL,esm-hist,r4i1p1f1,g110,co2,1924,300.653,ppm,historical,emissions,esgf
UKESM1-3-LL,esm-hist,r4i1p1f1,g110,co2,1925,300.615,ppm,historical,emissions,esgf
UKESM1-3-LL,esm-hist,r4i1p1f1,g110,co2,1926,300.983,ppm,historical,emissions,esgf
UKESM1-3-LL,esm-hist,r4i1p1f1,g110,co2,1927,301.849,ppm,historical,emissions,esgf
UKESM1-3-LL,esm-hist,r4i1p1f1,g110,co2,1928,302.346,ppm,historical,emissions,esgf
UKESM1-3-LL,esm-hist,r4i1p1f1,g110,co2,1929,302.549,ppm,historical,emissions,esgf
UKESM1-3-LL,esm-hist,r4i1p1f1,g110,co2,1930,302.936,ppm,historical,emissions,esgf
UKESM1-3-LL,esm-hist,r4i1p1f1,g110,co2,1931,303.341,ppm,historical,emissions,esgf
UKESM1-3-LL,esm-hist,r4i1p1f1,g110,co2,1932,303.871,ppm,historical,emissions,esgf
UKESM1-3-LL,esm-hist,r4i1p1f1,g110,co2,1933,304.275,ppm,historical,emissions,esgf
UKESM1-3-LL,esm-hist,r4i1p1f1,g110,co2,1934,304.245,ppm,historical,emissions,esgf
UKESM1-3-LL,esm-hist,r4i1p1f1,g110,co2,1935,304.057,ppm,historical,emissions,esgf
UKESM1-3-LL,esm-hist,r4i1p1f1,g110,co2,1936,304.602,ppm,historical,emissions,esgf
UKESM1-3-LL,esm-hist,r4i1p1f1,g110,co2,1937,305.758,ppm,historical,emissions,esgf
UKESM1-3-LL,esm-hist,r4i1p1f1,g110,co2,1938,306.808,ppm,historical,emissions,esgf
UKESM1-3-LL,esm-hist,r4i1p1f1,g110,co2,1939,307.942,ppm,historical,emissions,esgf
UKESM1-3-LL,esm-hist,r4i1p1f1,g110,co2,1940,308.058,ppm,historical,emissions,esgf
UKESM1-3-LL,esm-hist,r4i1p1f1,g110,co2,1941,308.076,ppm,historical,emissions,esgf
UKESM1-3-LL,esm-hist,r4i1p1f1,g110,co2,1942,308.381,ppm,historical,emissions,esgf
UKESM1-3-LL,esm-hist,r4i1p1f1,g110,co2,1943,308.83,ppm,historical,emissions,esgf
UKESM1-3-LL,esm-hist,r4i1p1f1,g110,co2,1944,309.295,ppm,historical,emissions,esgf
UKESM1-3-LL,esm-hist,r4i1p1f1,g110,co2,1945,309.765,ppm,historical,emissions,esgf
UKESM1-3-LL,esm-hist,r4i1p1f1,g110,co2,1946,309.688,ppm,historical,emissions,esgf
UKESM1-3-LL,esm-hist,r4i1p1f1,g110,co2,1947,310.747,ppm,historical,emissions,esgf
UKESM1-3-LL,esm-hist,r4i1p1f1,g110,co2,1948,311.023,ppm,historical,emissions,esgf
UKESM1-3-LL,esm-hist,r4i1p1f1,g110,co2,1949,311.438,ppm,historical,emissions,esgf
UKESM1-3-LL,esm-hist,r4i1p1f1,g110,co2,1950,312.369,ppm,historical,emissions,esgf
UKESM1-3-LL,esm-hist,r4i1p1f1,g110,co2,1951,312.505,ppm,historical,emissions,esgf
UKESM1-3-LL,esm-hist,r4i1p1f1,g110,co2,1952,312.677,ppm,historical,emissions,esgf
UKESM1-3-LL,esm-hist,r4i1p1f1,g110,co2,1953,313.121,ppm,historical,emissions,esgf
UKESM1-3-LL,esm-hist,r4i1p1f1,g110,co2,1954,314.142,ppm,historical,emissions,esgf
UKESM1-3-LL,esm-hist,r4i1p1f1,g110,co2,1955,315.152,ppm,historical,emissions,esgf
UKESM1-3-LL,esm-hist,r4i1p1f1,g110,co2,1956,315.896,ppm,historical,emissions,esgf
UKESM1-3-LL,esm-hist,r4i1p1f1,g110,co2,1957,316.36,ppm,historical,emissions,esgf
UKESM1-3-LL,esm-hist,r4i1p1f1,g110,co2,1958,317.535,ppm,historical,emissions,esgf
UKESM1-3-LL,esm-hist,r4i1p1f1,g110,co2,1959,318.984,ppm,historical,emissions,esgf
UKESM1-3-LL,esm-hist,r4i1p1f1,g110,co2,1960,319.785,ppm,historical,emissions,esgf
UKESM1-3-LL,esm-hist,r4i1p1f1,g110,co2,1961,320.54,ppm,historical,emissions,esgf
UKESM1-3-LL,esm-hist,r4i1p1f1,g110,co2,1962,321.407,ppm,historical,emissions,esgf
UKESM1-3-LL,esm-hist,r4i1p1f1,g110,co2,1963,322.753,ppm,historical,emissions,esgf
UKESM1-3-LL,esm-hist,r4i1p1f1,g110,co2,1964,323.864,ppm,historical,emissions,esgf
UKESM1-3-LL,esm-hist,r4i1p1f1,g110,co2,1965,324.279,ppm,historical,emissions,esgf
UKESM1-3-LL,esm-hist,r4i1p1f1,g110,co2,1966,324.626,ppm,historical,emissions,esgf
UKESM1-3-LL,esm-hist,r4i1p1f1,g110,co2,1967,325.378,ppm,historical,emissions,esgf
UKESM1-3-LL,esm-hist,r4i1p1f1,g110,co2,1968,326.263,ppm,historical,emissions,esgf
UKESM1-3-LL,esm-hist,r4i1p1f1,g110,co2,1969,327.115,ppm,historical,emissions,esgf
UKESM1-3-LL,esm-hist,r4i1p1f1,g110,co2,1970,328.317,ppm,historical,emissions,esgf
UKESM1-3-LL,esm-hist,r4i1p1f1,g110,co2,1971,329.815,ppm,historical,emissions,esgf
UKESM1-3-LL,esm-hist,r4i1p1f1,g110,co2,1972,331.387,ppm,historical,emissions,esgf
UKESM1-3-LL,esm-hist,r4i1p1f1,g110,co2,1973,333.739,ppm,historical,emissions,esgf
UKESM1-3-LL,esm-hist,r4i1p1f1,g110,co2,1974,335.093,ppm,historical,emissions,esgf
UKESM1-3-LL,esm-hist,r4i1p1f1,g110,co2,1975,335.958,ppm,historical,emissions,esgf
UKESM1-3-LL,esm-hist,r4i1p1f1,g110,co2,1976,337.787,ppm,historical,emissions,esgf
UKESM1-3-LL,esm-hist,r4i1p1f1,g110,co2,1977,339.66,ppm,historical,emissions,esgf
UKESM1-3-LL,esm-hist,r4i1p1f1,g110,co2,1978,340.835,ppm,historical,emissions,esgf
UKESM1-3-LL,esm-hist,r4i1p1f1,g110,co2,1979,342.263,ppm,historical,emissions,esgf
UKESM1-3-LL,esm-hist,r4i1p1f1,g110,co2,1980,343.67,ppm,historical,emissions,esgf
UKESM1-3-LL,esm-hist,r4i1p1f1,g110,co2,1981,344.714,ppm,historical,emissions,esgf
UKESM1-3-LL,esm-hist,r4i1p1f1,g110,co2,1982,345.571,ppm,historical,emissions,esgf
UKESM1-3-LL,esm-hist,r4i1p1f1,g110,co2,1983,347.013,ppm,historical,emissions,esgf
UKESM1-3-LL,esm-hist,r4i1p1f1,g110,co2,1984,348.613,ppm,historical,emissions,esgf
UKESM1-3-LL,esm-hist,r4i1p1f1,g110,co2,1985,350.021,ppm,historical,emissions,esgf
UKESM1-3-LL,esm-hist,r4i1p1f1,g110,co2,1986,350.682,ppm,historical,emissions,esgf
UKESM1-3-LL,esm-hist,r4i1p1f1,g110,co2,1987,351.186,ppm,historical,emissions,esgf
UKESM1-3-LL,esm-hist,r4i1p1f1,g110,co2,1988,353.239,ppm,historical,emissions,esgf
UKESM1-3-LL,esm-hist,r4i1p1f1,g110,co2,1989,355.124,ppm,historical,emissions,esgf
UKESM1-3-LL,esm-hist,r4i1p1f1,g110,co2,1990,356.577,ppm,historical,emissions,esgf
UKESM1-3-LL,esm-hist,r4i1p1f1,g110,co2,1991,359.004,ppm,historical,emissions,esgf
UKESM1-3-LL,esm-hist,r4i1p1f1,g110,co2,1992,360.608,ppm,historical,emissions,esgf
UKESM1-3-LL,esm-hist,r4i1p1f1,g110,co2,1993,362.06,ppm,historical,emissions,esgf
UKESM1-3-LL,esm-hist,r4i1p1f1,g110,co2,1994,363.217,ppm,historical,emissions,esgf
UKESM1-3-LL,esm-hist,r4i1p1f1,g110,co2,1995,364.338,ppm,historical,emissions,esgf
UKESM1-3-LL,esm-hist,r4i1p1f1,g110,co2,1996,366.109,ppm,historical,emissions,esgf
UKESM1-3-LL,esm-hist,r4i1p1f1,g110,co2,1997,367.444,ppm,historical,emissions,esgf
UKESM1-3-LL,esm-hist,r4i1p1f1,g110,co2,1998,370.006,ppm,historical,emissions,esgf
UKESM1-3-LL,esm-hist,r4i1p1f1,g110,co2,1999,372.087,ppm,historical,emissions,esgf
UKESM1-3-LL,esm-hist,r4i1p1f1,g110,co2,2000,373.943,ppm,historical,emissions,esgf
UKESM1-3-LL,esm-hist,r4i1p1f1,g110,co2,2001,376.678,ppm,historical,emissions,esgf
UKESM1-3-LL,esm-hist,r4i1p1f1,g110,co2,2002,379.313,ppm,historical,emissions,esgf
UKESM1-3-LL,esm-hist,r4i1p1f1,g110,co2,2003,381.068,ppm,historical,emissions,esgf
UKESM1-3-LL,esm-hist,r4i1p1f1,g110,co2,2004,382.277,ppm,historical,emissions,esgf
UKESM1-3-LL,esm-hist,r4i1p1f1,g110,co2,2005,384.048,ppm,historical,emissions,esgf
UKESM1-3-LL,esm-hist,r4i1p1f1,g110,co2,2006,386.288,ppm,historical,emissions,esgf
UKESM1-3-LL,esm-hist,r4i1p1f1,g110,co2,2007,388.737,ppm,historical,emissions,esgf
UKESM1-3-LL,esm-hist,r4i1p1f1,g110,co2,2008,392.025,ppm,historical,emissions,esgf
UKESM1-3-LL,esm-hist,r4i1p1f1,g110,co2,2009,394.102,ppm,historical,emissions,esgf
UKESM1-3-LL,esm-hist,r4i1p1f1,g110,co2,2010,396.54,ppm,historical,emissions,esgf
UKESM1-3-LL,esm-hist,r4i1p1f1,g110,co2,2011,398.941,ppm,historical,emissions,esgf
UKESM1-3-LL,esm-hist,r4i1p1f1,g110,co2,2012,401.452,ppm,historical,emissions,esgf
UKESM1-3-LL,esm-hist,r4i1p1f1,g110,co2,2013,404.232,ppm,historical,emissions,esgf
UKESM1-3-LL,esm-hist,r4i1p1f1,g110,co2,2014,407.342,ppm,historical,emissions,esgf
UKESM1-3-LL,esm-hist,r4i1p1f1,g110,co2,2015,410.112,ppm,historical,emissions,esgf
UKESM1-3-LL,esm-hist,r4i1p1f1,g110,co2,2016,412.645,ppm,historical,emissions,esgf
UKESM1-3-LL,esm-hist,r4i1p1f1,g110,co2,2017,415.424,ppm,historical,emissions,esgf
UKESM1-3-LL,esm-hist,r4i1p1f1,g110,co2,2018,418.247,ppm,historical,emissions,esgf
UKESM1-3-LL,esm-hist,r4i1p1f1,g110,co2,2019,421.842,ppm,historical,emissions,esgf
UKESM1-3-LL,esm-hist,r4i1p1f1,g110,co2,2020,424.749,ppm,historical,emissions,esgf
UKESM1-3-LL,esm-hist,r4i1p1f1,g110,co2,2021,427.34,ppm,historical,emissions,esgf
UKESM1-3-LL,esm-hist,r5i1p1f1,g110,co2,1850,285.615,ppm,historical,emissions,esgf
UKESM1-3-LL,esm-hist,r5i1p1f1,g110,co2,1851,285.76,ppm,historical,emissions,esgf
UKESM1-3-LL,esm-hist,r5i1p1f1,g110,co2,1852,286.382,ppm,historical,emissions,esgf
UKESM1-3-LL,esm-hist,r5i1p1f1,g110,co2,1853,286.717,ppm,historical,emissions,esgf
UKESM1-3-LL,esm-hist,r5i1p1f1,g110,co2,1854,286.731,ppm,historical,emissions,esgf
UKESM1-3-LL,esm-hist,r5i1p1f1,g110,co2,1855,286.655,ppm,historical,emissions,esgf
UKESM1-3-LL,esm-hist,r5i1p1f1,g110,co2,1856,286.744,ppm,historical,emissions,esgf
UKESM1-3-LL,esm-hist,r5i1p1f1,g110,co2,1857,287.101,ppm,historical,emissions,esgf
UKESM1-3-LL,esm-hist,r5i1p1f1,g110,co2,1858,287.04,ppm,historical,emissions,esgf
UKESM1-3-LL,esm-hist,r5i1p1f1,g110,co2,1859,286.706,ppm,historical,emissions,esgf
UKESM1-3-LL,esm-hist,r5i1p1f1,g110,co2,1860,286.224,ppm,historical,emissions,esgf
UKESM1-3-LL,esm-hist,r5i1p1f1,g110,co2,1861,285.457,ppm,historical,emissions,esgf
UKESM1-3-LL,esm-hist,r5i1p1f1,g110,co2,1862,285.153,ppm,historical,emissions,esgf
UKESM1-3-LL,esm-hist,r5i1p1f1,g110,co2,1863,285.427,ppm,historical,emissions,esgf
UKESM1-3-LL,esm-hist,r5i1p1f1,g110,co2,1864,285.594,ppm,historical,emissions,esgf
UKESM1-3-LL,esm-hist,r5i1p1f1,g110,co2,1865,285.427,ppm,historical,emissions,esgf
UKESM1-3-LL,esm-hist,r5i1p1f1,g110,co2,1866,285.839,ppm,historical,emissions,esgf
UKESM1-3-LL,esm-hist,r5i1p1f1,g110,co2,1867,286.249,ppm,historical,emissions,esgf
UKESM1-3-LL,esm-hist,r5i1p1f1,g110,co2,1868,286.648,ppm,historical,emissions,esgf
UKESM1-3-LL,esm-hist,r5i1p1f1,g110,co2,1869,286.336,ppm,historical,emissions,esgf
UKESM1-3-LL,esm-hist,r5i1p1f1,g110,co2,1870,286.845,ppm,historical,emissions,esgf
UKESM1-3-LL,esm-hist,r5i1p1f1,g110,co2,1871,287.513,ppm,historical,emissions,esgf
UKESM1-3-LL,esm-hist,r5i1p1f1,g110,co2,1872,287.403,ppm,historical,emissions,esgf
UKESM1-3-LL,esm-hist,r5i1p1f1,g110,co2,1873,287.036,ppm,historical,emissions,esgf
UKESM1-3-LL,esm-hist,r5i1p1f1,g110,co2,1874,287.219,ppm,historical,emissions,esgf
UKESM1-3-LL,esm-hist,r5i1p1f1,g110,co2,1875,287.032,ppm,historical,emissions,esgf
UKESM1-3-LL,esm-hist,r5i1p1f1,g110,co2,1876,286.907,ppm,historical,emissions,esgf
UKESM1-3-LL,esm-hist,r5i1p1f1,g110,co2,1877,287.119,ppm,historical,emissions,esgf
UKESM1-3-LL,esm-hist,r5i1p1f1,g110,co2,1878,287.124,ppm,historical,emissions,esgf
UKESM1-3-LL,esm-hist,r5i1p1f1,g110,co2,1879,287.857,ppm,historical,emissions,esgf
UKESM1-3-LL,esm-hist,r5i1p1f1,g110,co2,1880,288.106,ppm,historical,emissions,esgf
UKESM1-3-LL,esm-hist,r5i1p1f1,g110,co2,1881,288.273,ppm,historical,emissions,esgf
UKESM1-3-LL,esm-hist,r5i1p1f1,g110,co2,1882,288.38,ppm,historical,emissions,esgf
UKESM1-3-LL,esm-hist,r5i1p1f1,g110,co2,1883,288.54,ppm,historical,emissions,esgf
UKESM1-3-LL,esm-hist,r5i1p1f1,g110,co2,1884,288.371,ppm,historical,emissions,esgf
UKESM1-3-LL,esm-hist,r5i1p1f1,g110,co2,1885,287.435,ppm,historical,emissions,esgf
UKESM1-3-LL,esm-hist,r5i1p1f1,g110,co2,1886,287.241,ppm,historical,emissions,esgf
UKESM1-3-LL,esm-hist,r5i1p1f1,g110,co2,1887,287.792,ppm,historical,emissions,esgf
UKESM1-3-LL,esm-hist,r5i1p1f1,g110,co2,1888,288.011,ppm,historical,emissions,esgf
UKESM1-3-LL,esm-hist,r5i1p1f1,g110,co2,1889,288.229,ppm,historical,emissions,esgf
UKESM1-3-LL,esm-hist,r5i1p1f1,g110,co2,1890,288.387,ppm,historical,emissions,esgf
UKESM1-3-LL,esm-hist,r5i1p1f1,g110,co2,1891,288.981,ppm,historical,emissions,esgf
UKESM1-3-LL,esm-hist,r5i1p1f1,g110,co2,1892,289.943,ppm,historical,emissions,esgf
UKESM1-3-LL,esm-hist,r5i1p1f1,g110,co2,1893,290.287,ppm,historical,emissions,esgf
UKESM1-3-LL,esm-hist,r5i1p1f1,g110,co2,1894,290.56,ppm,historical,emissions,esgf
UKESM1-3-LL,esm-hist,r5i1p1f1,g110,co2,1895,291.015,ppm,historical,emissions,esgf
UKESM1-3-LL,esm-hist,r5i1p1f1,g110,co2,1896,291.248,ppm,historical,emissions,esgf
UKESM1-3-LL,esm-hist,r5i1p1f1,g110,co2,1897,291.584,ppm,historical,emissions,esgf
UKESM1-3-LL,esm-hist,r5i1p1f1,g110,co2,1898,291.805,ppm,historical,emissions,esgf
UKESM1-3-LL,esm-hist,r5i1p1f1,g110,co2,1899,291.764,ppm,historical,emissions,esgf
UKESM1-3-LL,esm-hist,r5i1p1f1,g110,co2,1900,292.124,ppm,historical,emissions,esgf
UKESM1-3-LL,esm-hist,r5i1p1f1,g110,co2,1901,293.12,ppm,historical,emissions,esgf
UKESM1-3-LL,esm-hist,r5i1p1f1,g110,co2,1902,293.876,ppm,historical,emissions,esgf
UKESM1-3-LL,esm-hist,r5i1p1f1,g110,co2,1903,293.967,ppm,historical,emissions,esgf
UKESM1-3-LL,esm-hist,r5i1p1f1,g110,co2,1904,293.626,ppm,historical,emissions,esgf
UKESM1-3-LL,esm-hist,r5i1p1f1,g110,co2,1905,293.637,ppm,historical,emissions,esgf
UKESM1-3-LL,esm-hist,r5i1p1f1,g110,co2,1906,294.309,ppm,historical,emissions,esgf
UKESM1-3-LL,esm-hist,r5i1p1f1,g110,co2,1907,294.206,ppm,historical,emissions,esgf
UKESM1-3-LL,esm-hist,r5i1p1f1,g110,co2,1908,293.736,ppm,historical,emissions,esgf
UKESM1-3-LL,esm-hist,r5i1p1f1,g110,co2,1909,295.19,ppm,historical,emissions,esgf
UKESM1-3-LL,esm-hist,r5i1p1f1,g110,co2,1910,295.802,ppm,historical,emissions,esgf
UKESM1-3-LL,esm-hist,r5i1p1f1,g110,co2,1911,295.32,ppm,historical,emissions,esgf
UKESM1-3-LL,esm-hist,r5i1p1f1,g110,co2,1912,295.377,ppm,historical,emissions,esgf
UKESM1-3-LL,esm-hist,r5i1p1f1,g110,co2,1913,295.957,ppm,historical,emissions,esgf
UKESM1-3-LL,esm-hist,r5i1p1f1,g110,co2,1914,296.637,ppm,historical,emissions,esgf
UKESM1-3-LL,esm-hist,r5i1p1f1,g110,co2,1915,297.019,ppm,historical,emissions,esgf
UKESM1-3-LL,esm-hist,r5i1p1f1,g110,co2,1916,296.838,ppm,historical,emissions,esgf
UKESM1-3-LL,esm-hist,r5i1p1f1,g110,co2,1917,297.468,ppm,historical,emissions,esgf
UKESM1-3-LL,esm-hist,r5i1p1f1,g110,co2,1918,298.408,ppm,historical,emissions,esgf
UKESM1-3-LL,esm-hist,r5i1p1f1,g110,co2,1919,298.498,ppm,historical,emissions,esgf
UKESM1-3-LL,esm-hist,r5i1p1f1,g110,co2,1920,298.349,ppm,historical,emissions,esgf
UKESM1-3-LL,esm-hist,r5i1p1f1,g110,co2,1921,298.29,ppm,historical,emissions,esgf
UKESM1-3-LL,esm-hist,r5i1p1f1,g110,co2,1922,298.618,ppm,historical,emissions,esgf
UKESM1-3-LL,esm-hist,r5i1p1f1,g110,co2,1923,299.551,ppm,historical,emissions,esgf
UKESM1-3-LL,esm-hist,r5i1p1f1,g110,co2,1924,300.39,ppm,historical,emissions,esgf
UKESM1-3-LL,esm-hist,r5i1p1f1,g110,co2,1925,301.676,ppm,historical,emissions,esgf
UKESM1-3-LL,esm-hist,r5i1p1f1,g110,co2,1926,301.942,ppm,historical,emissions,esgf
UKESM1-3-LL,esm-hist,r5i1p1f1,g110,co2,1927,301.389,ppm,historical,emissions,esgf
UKESM1-3-LL,esm-hist,r5i1p1f1,g110,co2,1928,301.122,ppm,historical,emissions,esgf
UKESM1-3-LL,esm-hist,r5i1p1f1,g110,co2,1929,301.387,ppm,historical,emissions,esgf
UKESM1-3-LL,esm-hist,r5i1p1f1,g110,co2,1930,301.611,ppm,historical,emissions,esgf
UKESM1-3-LL,esm-hist,r5i1p1f1,g110,co2,1931,302.368,ppm,historical,emissions,esgf
UKESM1-3-LL,esm-hist,r5i1p1f1,g110,co2,1932,303.178,ppm,historical,emissions,esgf
UKESM1-3-LL,esm-hist,r5i1p1f1,g110,co2,1933,304.175,ppm,historical,emissions,esgf
UKESM1-3-LL,esm-hist,r5i1p1f1,g110,co2,1934,304.21,ppm,historical,emissions,esgf
UKESM1-3-LL,esm-hist,r5i1p1f1,g110,co2,1935,303.499,ppm,historical,emissions,esgf
UKESM1-3-LL,esm-hist,r5i1p1f1,g110,co2,1936,303.519,ppm,historical,emissions,esgf
UKESM1-3-LL,esm-hist,r5i1p1f1,g110,co2,1937,303.335,ppm,historical,emissions,esgf
UKESM1-3-LL,esm-hist,r5i1p1f1,g110,co2,1938,303.722,ppm,historical,emissions,esgf
UKESM1-3-LL,esm-hist,r5i1p1f1,g110,co2,1939,304.444,ppm,historical,emissions,esgf
UKESM1-3-LL,esm-hist,r5i1p1f1,g110,co2,1940,305.854,ppm,historical,emissions,esgf
UKESM1-3-LL,esm-hist,r5i1p1f1,g110,co2,1941,306.468,ppm,historical,emissions,esgf
UKESM1-3-LL,esm-hist,r5i1p1f1,g110,co2,1942,306.634,ppm,historical,emissions,esgf
UKESM1-3-LL,esm-hist,r5i1p1f1,g110,co2,1943,307.17,ppm,historical,emissions,esgf
UKESM1-3-LL,esm-hist,r5i1p1f1,g110,co2,1944,307.759,ppm,historical,emissions,esgf
UKESM1-3-LL,esm-hist,r5i1p1f1,g110,co2,1945,308.086,ppm,historical,emissions,esgf
UKESM1-3-LL,esm-hist,r5i1p1f1,g110,co2,1946,308.37,ppm,historical,emissions,esgf
UKESM1-3-LL,esm-hist,r5i1p1f1,g110,co2,1947,309.948,ppm,historical,emissions,esgf
UKESM1-3-LL,esm-hist,r5i1p1f1,g110,co2,1948,310.856,ppm,historical,emissions,esgf
UKESM1-3-LL,esm-hist,r5i1p1f1,g110,co2,1949,311.177,ppm,historical,emissions,esgf
UKESM1-3-LL,esm-hist,r5i1p1f1,g110,co2,1950,310.84,ppm,historical,emissions,esgf
UKESM1-3-LL,esm-hist,r5i1p1f1,g110,co2,1951,310.893,ppm,historical,emissions,esgf
UKESM1-3-LL,esm-hist,r5i1p1f1,g110,co2,1952,311.838,ppm,historical,emissions,esgf
UKESM1-3-LL,esm-hist,r5i1p1f1,g110,co2,1953,313.303,ppm,historical,emissions,esgf
UKESM1-3-LL,esm-hist,r5i1p1f1,g110,co2,1954,314.238,ppm,historical,emissions,esgf
UKESM1-3-LL,esm-hist,r5i1p1f1,g110,co2,1955,314.87,ppm,historical,emissions,esgf
UKESM1-3-LL,esm-hist,r5i1p1f1,g110,co2,1956,315.524,ppm,historical,emissions,esgf
UKESM1-3-LL,esm-hist,r5i1p1f1,g110,co2,1957,316.497,ppm,historical,emissions,esgf
UKESM1-3-LL,esm-hist,r5i1p1f1,g110,co2,1958,318.226,ppm,historical,emissions,esgf
UKESM1-3-LL,esm-hist,r5i1p1f1,g110,co2,1959,319.819,ppm,historical,emissions,esgf
UKESM1-3-LL,esm-hist,r5i1p1f1,g110,co2,1960,320.885,ppm,historical,emissions,esgf
UKESM1-3-LL,esm-hist,r5i1p1f1,g110,co2,1961,320.916,ppm,historical,emissions,esgf
UKESM1-3-LL,esm-hist,r5i1p1f1,g110,co2,1962,320.608,ppm,historical,emissions,esgf
UKESM1-3-LL,esm-hist,r5i1p1f1,g110,co2,1963,321.633,ppm,historical,emissions,esgf
UKESM1-3-LL,esm-hist,r5i1p1f1,g110,co2,1964,322.901,ppm,historical,emissions,esgf
UKESM1-3-LL,esm-hist,r5i1p1f1,g110,co2,1965,323.648,ppm,historical,emissions,esgf
UKESM1-3-LL,esm-hist,r5i1p1f1,g110,co2,1966,324.286,ppm,historical,emissions,esgf
UKESM1-3-LL,esm-hist,r5i1p1f1,g110,co2,1967,325.549,ppm,historical,emissions,esgf
UKESM1-3-LL,esm-hist,r5i1p1f1,g110,co2,1968,327.006,ppm,historical,emissions,esgf
UKESM1-3-LL,esm-hist,r5i1p1f1,g110,co2,1969,327.746,ppm,historical,emissions,esgf
UKESM1-3-LL,esm-hist,r5i1p1f1,g110,co2,1970,328.564,ppm,historical,emissions,esgf
UKESM1-3-LL,esm-hist,r5i1p1f1,g110,co2,1971,330.017,ppm,historical,emissions,esgf
UKESM1-3-LL,esm-hist,r5i1p1f1,g110,co2,1972,332.103,ppm,historical,emissions,esgf
UKESM1-3-LL,esm-hist,r5i1p1f1,g110,co2,1973,333.65,ppm,historical,emissions,esgf
UKESM1-3-LL,esm-hist,r5i1p1f1,g110,co2,1974,334.651,ppm,historical,emissions,esgf
UKESM1-3-LL,esm-hist,r5i1p1f1,g110,co2,1975,336.115,ppm,historical,emissions,esgf
UKESM1-3-LL,esm-hist,r5i1p1f1,g110,co2,1976,337.892,ppm,historical,emissions,esgf
UKESM1-3-LL,esm-hist,r5i1p1f1,g110,co2,1977,339.249,ppm,historical,emissions,esgf
UKESM1-3-LL,esm-hist,r5i1p1f1,g110,co2,1978,340.935,ppm,historical,emissions,esgf
UKESM1-3-LL,esm-hist,r5i1p1f1,g110,co2,1979,342.838,ppm,historical,emissions,esgf
UKESM1-3-LL,esm-hist,r5i1p1f1,g110,co2,1980,343.577,ppm,historical,emissions,esgf
UKESM1-3-LL,esm-hist,r5i1p1f1,g110,co2,1981,344.731,ppm,historical,emissions,esgf
UKESM1-3-LL,esm-hist,r5i1p1f1,g110,co2,1982,346.001,ppm,historical,emissions,esgf
UKESM1-3-LL,esm-hist,r5i1p1f1,g110,co2,1983,346.91,ppm,historical,emissions,esgf
UKESM1-3-LL,esm-hist,r5i1p1f1,g110,co2,1984,348.594,ppm,historical,emissions,esgf
UKESM1-3-LL,esm-hist,r5i1p1f1,g110,co2,1985,350.452,ppm,historical,emissions,esgf
UKESM1-3-LL,esm-hist,r5i1p1f1,g110,co2,1986,351.421,ppm,historical,emissions,esgf
UKESM1-3-LL,esm-hist,r5i1p1f1,g110,co2,1987,352.95,ppm,historical,emissions,esgf
UKESM1-3-LL,esm-hist,r5i1p1f1,g110,co2,1988,355.254,ppm,historical,emissions,esgf
UKESM1-3-LL,esm-hist,r5i1p1f1,g110,co2,1989,356.853,ppm,historical,emissions,esgf
UKESM1-3-LL,esm-hist,r5i1p1f1,g110,co2,1990,358.416,ppm,historical,emissions,esgf
UKESM1-3-LL,esm-hist,r5i1p1f1,g110,co2,1991,359.975,ppm,historical,emissions,esgf
UKESM1-3-LL,esm-hist,r5i1p1f1,g110,co2,1992,361.669,ppm,historical,emissions,esgf
UKESM1-3-LL,esm-hist,r5i1p1f1,g110,co2,1993,363.121,ppm,historical,emissions,esgf
UKESM1-3-LL,esm-hist,r5i1p1f1,g110,co2,1994,363.846,ppm,historical,emissions,esgf
UKESM1-3-LL,esm-hist,r5i1p1f1,g110,co2,1995,364.651,ppm,historical,emissions,esgf
UKESM1-3-LL,esm-hist,r5i1p1f1,g110,co2,1996,366.485,ppm,historical,emissions,esgf
UKESM1-3-LL,esm-hist,r5i1p1f1,g110,co2,1997,369.618,ppm,historical,emissions,esgf
UKESM1-3-LL,esm-hist,r5i1p1f1,g110,co2,1998,372.16,ppm,historical,emissions,esgf
UKESM1-3-LL,esm-hist,r5i1p1f1,g110,co2,1999,373.565,ppm,historical,emissions,esgf
UKESM1-3-LL,esm-hist,r5i1p1f1,g110,co2,2000,375.104,ppm,historical,emissions,esgf
UKESM1-3-LL,esm-hist,r5i1p1f1,g110,co2,2001,376.958,ppm,historical,emissions,esgf
UKESM1-3-LL,esm-hist,r5i1p1f1,g110,co2,2002,378.451,ppm,historical,emissions,esgf
UKESM1-3-LL,esm-hist,r5i1p1f1,g110,co2,2003,380.431,ppm,historical,emissions,esgf
UKESM1-3-LL,esm-hist,r5i1p1f1,g110,co2,2004,382.762,ppm,historical,emissions,esgf
UKESM1-3-LL,esm-hist,r5i1p1f1,g110,co2,2005,385.537,ppm,historical,emissions,esgf
UKESM1-3-LL,esm-hist,r5i1p1f1,g110,co2,2006,387.95,ppm,historical,emissions,esgf
UKESM1-3-LL,esm-hist,r5i1p1f1,g110,co2,2007,390.011,ppm,historical,emissions,esgf
UKESM1-3-LL,esm-hist,r5i1p1f1,g110,co2,2008,392.41,ppm,historical,emissions,esgf
UKESM1-3-LL,esm-hist,r5i1p1f1,g110,co2,2009,394.78,ppm,historical,emissions,esgf
UKESM1-3-LL,esm-hist,r5i1p1f1,g110,co2,2010,397.421,ppm,historical,emissions,esgf
UKESM1-3-LL,esm-hist,r5i1p1f1,g110,co2,2011,400.274,ppm,historical,emissions,esgf
UKESM1-3-LL,esm-hist,r5i1p1f1,g110,co2,2012,403.241,ppm,historical,emissions,esgf
UKESM1-3-LL,esm-hist,r5i1p1f1,g110,co2,2013,406.456,ppm,historical,emissions,esgf
UKESM1-3-LL,esm-hist,r5i1p1f1,g110,co2,2014,409.607,ppm,historical,emissions,esgf
UKESM1-3-LL,esm-hist,r5i1p1f1,g110,co2,2015,412.289,ppm,historical,emissions,esgf
UKESM1-3-LL,esm-hist,r5i1p1f1,g110,co2,2016,414.632,ppm,historical,emissions,esgf
UKESM1-3-LL,esm-hist,r5i1p1f1,g110,co2,2017,417.726,ppm,historical,emissions,esgf
UKESM1-3-LL,esm-hist,r5i1p1f1,g110,co2,2018,419.975,ppm,historical,emissions,esgf
UKESM1-3-LL,esm-hist,r5i1p1f1,g110,co2,2019,422.098,ppm,historical,emissions,esgf
UKESM1-3-LL,esm-hist,r5i1p1f1,g110,co2,2020,423.888,ppm,historical,emissions,esgf
UKESM1-3-LL,esm-hist,r5i1p1f1,g110,co2,2021,427.255,ppm,historical,emissions,esgf
UKESM1-3-LL,esm-hist,r7i1p1f2,g110,co2,1850,285.894,ppm,historical,emissions,esgf
UKESM1-3-LL,esm-hist,r7i1p1f2,g110,co2,1851,286.326,ppm,historical,emissions,esgf
UKESM1-3-LL,esm-hist,r7i1p1f2,g110,co2,1852,286.515,ppm,historical,emissions,esgf
UKESM1-3-LL,esm-hist,r7i1p1f2,g110,co2,1853,286.168,ppm,historical,emissions,esgf
UKESM1-3-LL,esm-hist,r7i1p1f2,g110,co2,1854,286.991,ppm,historical,emissions,esgf
UKESM1-3-LL,esm-hist,r7i1p1f2,g110,co2,1855,287.601,ppm,historical,emissions,esgf
UKESM1-3-LL,esm-hist,r7i1p1f2,g110,co2,1856,287.515,ppm,historical,emissions,esgf
UKESM1-3-LL,esm-hist,r7i1p1f2,g110,co2,1857,287.135,ppm,historical,emissions,esgf
UKESM1-3-LL,esm-hist,r7i1p1f2,g110,co2,1858,287.078,ppm,historical,emissions,esgf
UKESM1-3-LL,esm-hist,r7i1p1f2,g110,co2,1859,287.281,ppm,historical,emissions,esgf
UKESM1-3-LL,esm-hist,r7i1p1f2,g110,co2,1860,286.912,ppm,historical,emissions,esgf
UKESM1-3-LL,esm-hist,r7i1p1f2,g110,co2,1861,286.935,ppm,historical,emissions,esgf
UKESM1-3-LL,esm-hist,r7i1p1f2,g110,co2,1862,286.601,ppm,historical,emissions,esgf
UKESM1-3-LL,esm-hist,r7i1p1f2,g110,co2,1863,286.301,ppm,historical,emissions,esgf
UKESM1-3-LL,esm-hist,r7i1p1f2,g110,co2,1864,286.258,ppm,historical,emissions,esgf
UKESM1-3-LL,esm-hist,r7i1p1f2,g110,co2,1865,286.202,ppm,historical,emissions,esgf
UKESM1-3-LL,esm-hist,r7i1p1f2,g110,co2,1866,286.243,ppm,historical,emissions,esgf
UKESM1-3-LL,esm-hist,r7i1p1f2,g110,co2,1867,286.938,ppm,historical,emissions,esgf
UKESM1-3-LL,esm-hist,r7i1p1f2,g110,co2,1868,286.868,ppm,historical,emissions,esgf
UKESM1-3-LL,esm-hist,r7i1p1f2,g110,co2,1869,286.738,ppm,historical,emissions,esgf
UKESM1-3-LL,esm-hist,r7i1p1f2,g110,co2,1870,286.522,ppm,historical,emissions,esgf
UKESM1-3-LL,esm-hist,r7i1p1f2,g110,co2,1871,286.214,ppm,historical,emissions,esgf
UKESM1-3-LL,esm-hist,r7i1p1f2,g110,co2,1872,285.93,ppm,historical,emissions,esgf
UKESM1-3-LL,esm-hist,r7i1p1f2,g110,co2,1873,285.738,ppm,historical,emissions,esgf
UKESM1-3-LL,esm-hist,r7i1p1f2,g110,co2,1874,285.45,ppm,historical,emissions,esgf
UKESM1-3-LL,esm-hist,r7i1p1f2,g110,co2,1875,284.848,ppm,historical,emissions,esgf
UKESM1-3-LL,esm-hist,r7i1p1f2,g110,co2,1876,284.938,ppm,historical,emissions,esgf
UKESM1-3-LL,esm-hist,r7i1p1f2,g110,co2,1877,285.172,ppm,historical,emissions,esgf
UKESM1-3-LL,esm-hist,r7i1p1f2,g110,co2,1878,286.583,ppm,historical,emissions,esgf
UKESM1-3-LL,esm-hist,r7i1p1f2,g110,co2,1879,287.703,ppm,historical,emissions,esgf
UKESM1-3-LL,esm-hist,r7i1p1f2,g110,co2,1880,287.769,ppm,historical,emissions,esgf
UKESM1-3-LL,esm-hist,r7i1p1f2,g110,co2,1881,287.354,ppm,historical,emissions,esgf
UKESM1-3-LL,esm-hist,r7i1p1f2,g110,co2,1882,287.414,ppm,historical,emissions,esgf
UKESM1-3-LL,esm-hist,r7i1p1f2,g110,co2,1883,287.769,ppm,historical,emissions,esgf
UKESM1-3-LL,esm-hist,r7i1p1f2,g110,co2,1884,287.994,ppm,historical,emissions,esgf
UKESM1-3-LL,esm-hist,r7i1p1f2,g110,co2,1885,287.284,ppm,historical,emissions,esgf
UKESM1-3-LL,esm-hist,r7i1p1f2,g110,co2,1886,286.987,ppm,historical,emissions,esgf
UKESM1-3-LL,esm-hist,r7i1p1f2,g110,co2,1887,286.852,ppm,historical,emissions,esgf
UKESM1-3-LL,esm-hist,r7i1p1f2,g110,co2,1888,286.672,ppm,historical,emissions,esgf
UKESM1-3-LL,esm-hist,r7i1p1f2,g110,co2,1889,286.442,ppm,historical,emissions,esgf
UKESM1-3-LL,esm-hist,r7i1p1f2,g110,co2,1890,287.16,ppm,historical,emissions,esgf
UKESM1-3-LL,esm-hist,r7i1p1f2,g110,co2,1891,288.667,ppm,historical,emissions,esgf
UKESM1-3-LL,esm-hist,r7i1p1f2,g110,co2,1892,289.185,ppm,historical,emissions,esgf
UKESM1-3-LL,esm-hist,r7i1p1f2,g110,co2,1893,288.676,ppm,historical,emissions,esgf
UKESM1-3-LL,esm-hist,r7i1p1f2,g110,co2,1894,288.88,ppm,historical,emissions,esgf
UKESM1-3-LL,esm-hist,r7i1p1f2,g110,co2,1895,289.113,ppm,historical,emissions,esgf
UKESM1-3-LL,esm-hist,r7i1p1f2,g110,co2,1896,289.622,ppm,historical,emissions,esgf
UKESM1-3-LL,esm-hist,r7i1p1f2,g110,co2,1897,289.771,ppm,historical,emissions,esgf
UKESM1-3-LL,esm-hist,r7i1p1f2,g110,co2,1898,290.041,ppm,historical,emissions,esgf
UKESM1-3-LL,esm-hist,r7i1p1f2,g110,co2,1899,290.331,ppm,historical,emissions,esgf
UKESM1-3-LL,esm-hist,r7i1p1f2,g110,co2,1900,290.838,ppm,historical,emissions,esgf
UKESM1-3-LL,esm-hist,r7i1p1f2,g110,co2,1901,291.577,ppm,historical,emissions,esgf
UKESM1-3-LL,esm-hist,r7i1p1f2,g110,co2,1902,291.76,ppm,historical,emissions,esgf
UKESM1-3-LL,esm-hist,r7i1p1f2,g110,co2,1903,292.516,ppm,historical,emissions,esgf
UKESM1-3-LL,esm-hist,r7i1p1f2,g110,co2,1904,292.98,ppm,historical,emissions,esgf
UKESM1-3-LL,esm-hist,r7i1p1f2,g110,co2,1905,293.312,ppm,historical,emissions,esgf
UKESM1-3-LL,esm-hist,r7i1p1f2,g110,co2,1906,293.437,ppm,historical,emissions,esgf
UKESM1-3-LL,esm-hist,r7i1p1f2,g110,co2,1907,294.057,ppm,historical,emissions,esgf
UKESM1-3-LL,esm-hist,r7i1p1f2,g110,co2,1908,294.41,ppm,historical,emissions,esgf
UKESM1-3-LL,esm-hist,r7i1p1f2,g110,co2,1909,294.485,ppm,historical,emissions,esgf
UKESM1-3-LL,esm-hist,r7i1p1f2,g110,co2,1910,294.051,ppm,historical,emissions,esgf
UKESM1-3-LL,esm-hist,r7i1p1f2,g110,co2,1911,294.449,ppm,historical,emissions,esgf
UKESM1-3-LL,esm-hist,r7i1p1f2,g110,co2,1912,295.844,ppm,historical,emissions,esgf
UKESM1-3-LL,esm-hist,r7i1p1f2,g110,co2,1913,296.888,ppm,historical,emissions,esgf
UKESM1-3-LL,esm-hist,r7i1p1f2,g110,co2,1914,297.898,ppm,historical,emissions,esgf
UKESM1-3-LL,esm-hist,r7i1p1f2,g110,co2,1915,298.242,ppm,historical,emissions,esgf
UKESM1-3-LL,esm-hist,r7i1p1f2,g110,co2,1916,297.967,ppm,historical,emissions,esgf
UKESM1-3-LL,esm-hist,r7i1p1f2,g110,co2,1917,298.039,ppm,historical,emissions,esgf
UKESM1-3-LL,esm-hist,r7i1p1f2,g110,co2,1918,297.883,ppm,historical,emissions,esgf
UKESM1-3-LL,esm-hist,r7i1p1f2,g110,co2,1919,298.592,ppm,historical,emissions,esgf
UKESM1-3-LL,esm-hist,r7i1p1f2,g110,co2,1920,299.479,ppm,historical,emissions,esgf
UKESM1-3-LL,esm-hist,r7i1p1f2,g110,co2,1921,299.374,ppm,historical,emissions,esgf
UKESM1-3-LL,esm-hist,r7i1p1f2,g110,co2,1922,299.71,ppm,historical,emissions,esgf
UKESM1-3-LL,esm-hist,r7i1p1f2,g110,co2,1923,299.611,ppm,historical,emissions,esgf
UKESM1-3-LL,esm-hist,r7i1p1f2,g110,co2,1924,300.026,ppm,historical,emissions,esgf
UKESM1-3-LL,esm-hist,r7i1p1f2,g110,co2,1925,299.98,ppm,historical,emissions,esgf
UKESM1-3-LL,esm-hist,r7i1p1f2,g110,co2,1926,300.089,ppm,historical,emissions,esgf
UKESM1-3-LL,esm-hist,r7i1p1f2,g110,co2,1927,300.885,ppm,historical,emissions,esgf
UKESM1-3-LL,esm-hist,r7i1p1f2,g110,co2,1928,302.429,ppm,historical,emissions,esgf
UKESM1-3-LL,esm-hist,r7i1p1f2,g110,co2,1929,302.062,ppm,historical,emissions,esgf
UKESM1-3-LL,esm-hist,r7i1p1f2,g110,co2,1930,301.812,ppm,historical,emissions,esgf
UKESM1-3-LL,esm-hist,r7i1p1f2,g110,co2,1931,303.109,ppm,historical,emissions,esgf
UKESM1-3-LL,esm-hist,r7i1p1f2,g110,co2,1932,303.696,ppm,historical,emissions,esgf
UKESM1-3-LL,esm-hist,r7i1p1f2,g110,co2,1933,303.798,ppm,historical,emissions,esgf
UKESM1-3-LL,esm-hist,r7i1p1f2,g110,co2,1934,303.389,ppm,historical,emissions,esgf
UKESM1-3-LL,esm-hist,r7i1p1f2,g110,co2,1935,303.398,ppm,historical,emissions,esgf
UKESM1-3-LL,esm-hist,r7i1p1f2,g110,co2,1936,303.674,ppm,historical,emissions,esgf
UKESM1-3-LL,esm-hist,r7i1p1f2,g110,co2,1937,304.132,ppm,historical,emissions,esgf
UKESM1-3-LL,esm-hist,r7i1p1f2,g110,co2,1938,304.822,ppm,historical,emissions,esgf
UKESM1-3-LL,esm-hist,r7i1p1f2,g110,co2,1939,305.89,ppm,historical,emissions,esgf
UKESM1-3-LL,esm-hist,r7i1p1f2,g110,co2,1940,306.081,ppm,historical,emissions,esgf
UKESM1-3-LL,esm-hist,r7i1p1f2,g110,co2,1941,306.637,ppm,historical,emissions,esgf
UKESM1-3-LL,esm-hist,r7i1p1f2,g110,co2,1942,306.965,ppm,historical,emissions,esgf
UKESM1-3-LL,esm-hist,r7i1p1f2,g110,co2,1943,307.909,ppm,historical,emissions,esgf
UKESM1-3-LL,esm-hist,r7i1p1f2,g110,co2,1944,308.162,ppm,historical,emissions,esgf
UKESM1-3-LL,esm-hist,r7i1p1f2,g110,co2,1945,308.263,ppm,historical,emissions,esgf
UKESM1-3-LL,esm-hist,r7i1p1f2,g110,co2,1946,308.962,ppm,historical,emissions,esgf
UKESM1-3-LL,esm-hist,r7i1p1f2,g110,co2,1947,309.665,ppm,historical,emissions,esgf
UKESM1-3-LL,esm-hist,r7i1p1f2,g110,co2,1948,310.344,ppm,historical,emissions,esgf
UKESM1-3-LL,esm-hist,r7i1p1f2,g110,co2,1949,311.244,ppm,historical,emissions,esgf
UKESM1-3-LL,esm-hist,r7i1p1f2,g110,co2,1950,311.254,ppm,historical,emissions,esgf
UKESM1-3-LL,esm-hist,r7i1p1f2,g110,co2,1951,312.086,ppm,historical,emissions,esgf
UKESM1-3-LL,esm-hist,r7i1p1f2,g110,co2,1952,312.994,ppm,historical,emissions,esgf
UKESM1-3-LL,esm-hist,r7i1p1f2,g110,co2,1953,312.684,ppm,historical,emissions,esgf
UKESM1-3-LL,esm-hist,r7i1p1f2,g110,co2,1954,313.322,ppm,historical,emissions,esgf
UKESM1-3-LL,esm-hist,r7i1p1f2,g110,co2,1955,313.912,ppm,historical,emissions,esgf
UKESM1-3-LL,esm-hist,r7i1p1f2,g110,co2,1956,314.655,ppm,historical,emissions,esgf
UKESM1-3-LL,esm-hist,r7i1p1f2,g110,co2,1957,315.331,ppm,historical,emissions,esgf
UKESM1-3-LL,esm-hist,r7i1p1f2,g110,co2,1958,315.921,ppm,historical,emissions,esgf
UKESM1-3-LL,esm-hist,r7i1p1f2,g110,co2,1959,317.1,ppm,historical,emissions,esgf
UKESM1-3-LL,esm-hist,r7i1p1f2,g110,co2,1960,318.04,ppm,historical,emissions,esgf
UKESM1-3-LL,esm-hist,r7i1p1f2,g110,co2,1961,318.693,ppm,historical,emissions,esgf
UKESM1-3-LL,esm-hist,r7i1p1f2,g110,co2,1962,319.557,ppm,historical,emissions,esgf
UKESM1-3-LL,esm-hist,r7i1p1f2,g110,co2,1963,320.558,ppm,historical,emissions,esgf
UKESM1-3-LL,esm-hist,r7i1p1f2,g110,co2,1964,321.697,ppm,historical,emissions,esgf
UKESM1-3-LL,esm-hist,r7i1p1f2,g110,co2,1965,322.098,ppm,historical,emissions,esgf
UKESM1-3-LL,esm-hist,r7i1p1f2,g110,co2,1966,323.412,ppm,historical,emissions,esgf
UKESM1-3-LL,esm-hist,r7i1p1f2,g110,co2,1967,324.48,ppm,historical,emissions,esgf
UKESM1-3-LL,esm-hist,r7i1p1f2,g110,co2,1968,325.444,ppm,historical,emissions,esgf
UKESM1-3-LL,esm-hist,r7i1p1f2,g110,co2,1969,326.536,ppm,historical,emissions,esgf
UKESM1-3-LL,esm-hist,r7i1p1f2,g110,co2,1970,328.494,ppm,historical,emissions,esgf
UKESM1-3-LL,esm-hist,r7i1p1f2,g110,co2,1971,329.711,ppm,historical,emissions,esgf
UKESM1-3-LL,esm-hist,r7i1p1f2,g110,co2,1972,330.658,ppm,historical,emissions,esgf
UKESM1-3-LL,esm-hist,r7i1p1f2,g110,co2,1973,332.066,ppm,historical,emissions,esgf
UKESM1-3-LL,esm-hist,r7i1p1f2,g110,co2,1974,333.87,ppm,historical,emissions,esgf
UKESM1-3-LL,esm-hist,r7i1p1f2,g110,co2,1975,335.073,ppm,historical,emissions,esgf
UKESM1-3-LL,esm-hist,r7i1p1f2,g110,co2,1976,335.758,ppm,historical,emissions,esgf
UKESM1-3-LL,esm-hist,r7i1p1f2,g110,co2,1977,337.671,ppm,historical,emissions,esgf
UKESM1-3-LL,esm-hist,r7i1p1f2,g110,co2,1978,339.337,ppm,historical,emissions,esgf
UKESM1-3-LL,esm-hist,r7i1p1f2,g110,co2,1979,340.335,ppm,historical,emissions,esgf
UKESM1-3-LL,esm-hist,r7i1p1f2,g110,co2,1980,341.948,ppm,historical,emissions,esgf
UKESM1-3-LL,esm-hist,r7i1p1f2,g110,co2,1981,343.895,ppm,historical,emissions,esgf
UKESM1-3-LL,esm-hist,r7i1p1f2,g110,co2,1982,345.077,ppm,historical,emissions,esgf
UKESM1-3-LL,esm-hist,r7i1p1f2,g110,co2,1983,345.855,ppm,historical,emissions,esgf
UKESM1-3-LL,esm-hist,r7i1p1f2,g110,co2,1984,347.013,ppm,historical,emissions,esgf
UKESM1-3-LL,esm-hist,r7i1p1f2,g110,co2,1985,348.592,ppm,historical,emissions,esgf
UKESM1-3-LL,esm-hist,r7i1p1f2,g110,co2,1986,350.066,ppm,historical,emissions,esgf
UKESM1-3-LL,esm-hist,r7i1p1f2,g110,co2,1987,351.471,ppm,historical,emissions,esgf
UKESM1-3-LL,esm-hist,r7i1p1f2,g110,co2,1988,353.257,ppm,historical,emissions,esgf
UKESM1-3-LL,esm-hist,r7i1p1f2,g110,co2,1989,355.01,ppm,historical,emissions,esgf
UKESM1-3-LL,esm-hist,r7i1p1f2,g110,co2,1990,356.657,ppm,historical,emissions,esgf
UKESM1-3-LL,esm-hist,r7i1p1f2,g110,co2,1991,358.417,ppm,historical,emissions,esgf
UKESM1-3-LL,esm-hist,r7i1p1f2,g110,co2,1992,359.395,ppm,historical,emissions,esgf
UKESM1-3-LL,esm-hist,r7i1p1f2,g110,co2,1993,360.466,ppm,historical,emissions,esgf
UKESM1-3-LL,esm-hist,r7i1p1f2,g110,co2,1994,361.565,ppm,historical,emissions,esgf
UKESM1-3-LL,esm-hist,r7i1p1f2,g110,co2,1995,363.068,ppm,historical,emissions,esgf
UKESM1-3-LL,esm-hist,r7i1p1f2,g110,co2,1996,364.915,ppm,historical,emissions,esgf
UKESM1-3-LL,esm-hist,r7i1p1f2,g110,co2,1997,367.166,ppm,historical,emissions,esgf
UKESM1-3-LL,esm-hist,r7i1p1f2,g110,co2,1998,369.766,ppm,historical,emissions,esgf
UKESM1-3-LL,esm-hist,r7i1p1f2,g110,co2,1999,372.576,ppm,historical,emissions,esgf
UKESM1-3-LL,esm-hist,r7i1p1f2,g110,co2,2000,374.271,ppm,historical,emissions,esgf
UKESM1-3-LL,esm-hist,r7i1p1f2,g110,co2,2001,375.318,ppm,historical,emissions,esgf
UKESM1-3-LL,esm-hist,r7i1p1f2,g110,co2,2002,376.867,ppm,historical,emissions,esgf
UKESM1-3-LL,esm-hist,r7i1p1f2,g110,co2,2003,378.657,ppm,historical,emissions,esgf
UKESM1-3-LL,esm-hist,r7i1p1f2,g110,co2,2004,380.583,ppm,historical,emissions,esgf
UKESM1-3-LL,esm-hist,r7i1p1f2,g110,co2,2005,382.998,ppm,historical,emissions,esgf
UKESM1-3-LL,esm-hist,r7i1p1f2,g110,co2,2006,385.993,ppm,historical,emissions,esgf
UKESM1-3-LL,esm-hist,r7i1p1f2,g110,co2,2007,388.386,ppm,historical,emissions,esgf
UKESM1-3-LL,esm-hist,r7i1p1f2,g110,co2,2008,390.866,ppm,historical,emissions,esgf
UKESM1-3-LL,esm-hist,r7i1p1f2,g110,co2,2009,392.847,ppm,historical,emissions,esgf
UKESM1-3-LL,esm-hist,r7i1p1f2,g110,co2,2010,395.238,ppm,historical,emissions,esgf
UKESM1-3-LL,esm-hist,r7i1p1f2,g110,co2,2011,399.301,ppm,historical,emissions,esgf
UKESM1-3-LL,esm-hist,r7i1p1f2,g110,co2,2012,401.896,ppm,historical,emissions,esgf
UKESM1-3-LL,esm-hist,r7i1p1f2,g110,co2,2013,403.695,ppm,historical,emissions,esgf
UKESM1-3-LL,esm-hist,r7i1p1f2,g110,co2,2014,406.371,ppm,historical,emissions,esgf
UKESM1-3-LL,esm-hist,r7i1p1f2,g110,co2,2015,409.334,ppm,historical,emissions,esgf
UKESM1-3-LL,esm-hist,r7i1p1f2,g110,co2,2016,412.331,ppm,historical,emissions,esgf
UKESM1-3-LL,esm-hist,r7i1p1f2,g110,co2,2017,415.316,ppm,historical,emissions,esgf
UKESM1-3-LL,esm-hist,r7i1p1f2,g110,co2,2018,418.906,ppm,historical,emissions,esgf
UKESM1-3-LL,esm-hist,r7i1p1f2,g110,co2,2019,421.127,ppm,historical,emissions,esgf
UKESM1-3-LL,esm-hist,r7i1p1f2,g110,co2,2020,423.442,ppm,historical,emissions,esgf
UKESM1-3-LL,esm-hist,r7i1p1f2,g110,co2,2021,426.791,ppm,historical,emissions,esgf
UKESM1-3-LL,esm-hist,r8i1p1f2,g110,co2,1850,285.099,ppm,historical,emissions,esgf
UKESM1-3-LL,esm-hist,r8i1p1f2,g110,co2,1851,285.306,ppm,historical,emissions,esgf
UKESM1-3-LL,esm-hist,r8i1p1f2,g110,co2,1852,285.629,ppm,historical,emissions,esgf
UKESM1-3-LL,esm-hist,r8i1p1f2,g110,co2,1853,285.835,ppm,historical,emissions,esgf
UKESM1-3-LL,esm-hist,r8i1p1f2,g110,co2,1854,285.726,ppm,historical,emissions,esgf
UKESM1-3-LL,esm-hist,r8i1p1f2,g110,co2,1855,285.629,ppm,historical,emissions,esgf
UKESM1-3-LL,esm-hist,r8i1p1f2,g110,co2,1856,285.483,ppm,historical,emissions,esgf
UKESM1-3-LL,esm-hist,r8i1p1f2,g110,co2,1857,285.499,ppm,historical,emissions,esgf
UKESM1-3-LL,esm-hist,r8i1p1f2,g110,co2,1858,285.518,ppm,historical,emissions,esgf
UKESM1-3-LL,esm-hist,r8i1p1f2,g110,co2,1859,285.694,ppm,historical,emissions,esgf
UKESM1-3-LL,esm-hist,r8i1p1f2,g110,co2,1860,286.205,ppm,historical,emissions,esgf
UKESM1-3-LL,esm-hist,r8i1p1f2,g110,co2,1861,286.237,ppm,historical,emissions,esgf
UKESM1-3-LL,esm-hist,r8i1p1f2,g110,co2,1862,286.433,ppm,historical,emissions,esgf
UKESM1-3-LL,esm-hist,r8i1p1f2,g110,co2,1863,286.408,ppm,historical,emissions,esgf
UKESM1-3-LL,esm-hist,r8i1p1f2,g110,co2,1864,285.804,ppm,historical,emissions,esgf
UKESM1-3-LL,esm-hist,r8i1p1f2,g110,co2,1865,284.797,ppm,historical,emissions,esgf
UKESM1-3-LL,esm-hist,r8i1p1f2,g110,co2,1866,285.154,ppm,historical,emissions,esgf
UKESM1-3-LL,esm-hist,r8i1p1f2,g110,co2,1867,285.489,ppm,historical,emissions,esgf
UKESM1-3-LL,esm-hist,r8i1p1f2,g110,co2,1868,285.782,ppm,historical,emissions,esgf
UKESM1-3-LL,esm-hist,r8i1p1f2,g110,co2,1869,285.266,ppm,historical,emissions,esgf
UKESM1-3-LL,esm-hist,r8i1p1f2,g110,co2,1870,285.516,ppm,historical,emissions,esgf
UKESM1-3-LL,esm-hist,r8i1p1f2,g110,co2,1871,285.937,ppm,historical,emissions,esgf
UKESM1-3-LL,esm-hist,r8i1p1f2,g110,co2,1872,285.351,ppm,historical,emissions,esgf
UKESM1-3-LL,esm-hist,r8i1p1f2,g110,co2,1873,285.8,ppm,historical,emissions,esgf
UKESM1-3-LL,esm-hist,r8i1p1f2,g110,co2,1874,285.958,ppm,historical,emissions,esgf
UKESM1-3-LL,esm-hist,r8i1p1f2,g110,co2,1875,285.847,ppm,historical,emissions,esgf
UKESM1-3-LL,esm-hist,r8i1p1f2,g110,co2,1876,286.1,ppm,historical,emissions,esgf
UKESM1-3-LL,esm-hist,r8i1p1f2,g110,co2,1877,286.392,ppm,historical,emissions,esgf
UKESM1-3-LL,esm-hist,r8i1p1f2,g110,co2,1878,286.645,ppm,historical,emissions,esgf
UKESM1-3-LL,esm-hist,r8i1p1f2,g110,co2,1879,286.795,ppm,historical,emissions,esgf
UKESM1-3-LL,esm-hist,r8i1p1f2,g110,co2,1880,286.234,ppm,historical,emissions,esgf
UKESM1-3-LL,esm-hist,r8i1p1f2,g110,co2,1881,286.721,ppm,historical,emissions,esgf
UKESM1-3-LL,esm-hist,r8i1p1f2,g110,co2,1882,286.958,ppm,historical,emissions,esgf
UKESM1-3-LL,esm-hist,r8i1p1f2,g110,co2,1883,286.568,ppm,historical,emissions,esgf
UKESM1-3-LL,esm-hist,r8i1p1f2,g110,co2,1884,286.272,ppm,historical,emissions,esgf
UKESM1-3-LL,esm-hist,r8i1p1f2,g110,co2,1885,286.241,ppm,historical,emissions,esgf
UKESM1-3-LL,esm-hist,r8i1p1f2,g110,co2,1886,286.814,ppm,historical,emissions,esgf
UKESM1-3-LL,esm-hist,r8i1p1f2,g110,co2,1887,286.954,ppm,historical,emissions,esgf
UKESM1-3-LL,esm-hist,r8i1p1f2,g110,co2,1888,286.504,ppm,historical,emissions,esgf
UKESM1-3-LL,esm-hist,r8i1p1f2,g110,co2,1889,287.522,ppm,historical,emissions,esgf
UKESM1-3-LL,esm-hist,r8i1p1f2,g110,co2,1890,288.586,ppm,historical,emissions,esgf
UKESM1-3-LL,esm-hist,r8i1p1f2,g110,co2,1891,288.617,ppm,historical,emissions,esgf
UKESM1-3-LL,esm-hist,r8i1p1f2,g110,co2,1892,288.724,ppm,historical,emissions,esgf
UKESM1-3-LL,esm-hist,r8i1p1f2,g110,co2,1893,288.777,ppm,historical,emissions,esgf
UKESM1-3-LL,esm-hist,r8i1p1f2,g110,co2,1894,288.838,ppm,historical,emissions,esgf
UKESM1-3-LL,esm-hist,r8i1p1f2,g110,co2,1895,289.256,ppm,historical,emissions,esgf
UKESM1-3-LL,esm-hist,r8i1p1f2,g110,co2,1896,289.431,ppm,historical,emissions,esgf
UKESM1-3-LL,esm-hist,r8i1p1f2,g110,co2,1897,289.824,ppm,historical,emissions,esgf
UKESM1-3-LL,esm-hist,r8i1p1f2,g110,co2,1898,290.614,ppm,historical,emissions,esgf
UKESM1-3-LL,esm-hist,r8i1p1f2,g110,co2,1899,290.317,ppm,historical,emissions,esgf
UKESM1-3-LL,esm-hist,r8i1p1f2,g110,co2,1900,290.276,ppm,historical,emissions,esgf
UKESM1-3-LL,esm-hist,r8i1p1f2,g110,co2,1901,290.477,ppm,historical,emissions,esgf
UKESM1-3-LL,esm-hist,r8i1p1f2,g110,co2,1902,291.446,ppm,historical,emissions,esgf
UKESM1-3-LL,esm-hist,r8i1p1f2,g110,co2,1903,291.929,ppm,historical,emissions,esgf
UKESM1-3-LL,esm-hist,r8i1p1f2,g110,co2,1904,292.328,ppm,historical,emissions,esgf
UKESM1-3-LL,esm-hist,r8i1p1f2,g110,co2,1905,292.894,ppm,historical,emissions,esgf
UKESM1-3-LL,esm-hist,r8i1p1f2,g110,co2,1906,292.897,ppm,historical,emissions,esgf
UKESM1-3-LL,esm-hist,r8i1p1f2,g110,co2,1907,292.536,ppm,historical,emissions,esgf
UKESM1-3-LL,esm-hist,r8i1p1f2,g110,co2,1908,292.515,ppm,historical,emissions,esgf
UKESM1-3-LL,esm-hist,r8i1p1f2,g110,co2,1909,293.419,ppm,historical,emissions,esgf
UKESM1-3-LL,esm-hist,r8i1p1f2,g110,co2,1910,294.146,ppm,historical,emissions,esgf
UKESM1-3-LL,esm-hist,r8i1p1f2,g110,co2,1911,295.213,ppm,historical,emissions,esgf
UKESM1-3-LL,esm-hist,r8i1p1f2,g110,co2,1912,295.767,ppm,historical,emissions,esgf
UKESM1-3-LL,esm-hist,r8i1p1f2,g110,co2,1913,295.911,ppm,historical,emissions,esgf
UKESM1-3-LL,esm-hist,r8i1p1f2,g110,co2,1914,296.324,ppm,historical,emissions,esgf
UKESM1-3-LL,esm-hist,r8i1p1f2,g110,co2,1915,296.522,ppm,historical,emissions,esgf
UKESM1-3-LL,esm-hist,r8i1p1f2,g110,co2,1916,295.987,ppm,historical,emissions,esgf
UKESM1-3-LL,esm-hist,r8i1p1f2,g110,co2,1917,296.636,ppm,historical,emissions,esgf
UKESM1-3-LL,esm-hist,r8i1p1f2,g110,co2,1918,297.149,ppm,historical,emissions,esgf
UKESM1-3-LL,esm-hist,r8i1p1f2,g110,co2,1919,297.359,ppm,historical,emissions,esgf
UKESM1-3-LL,esm-hist,r8i1p1f2,g110,co2,1920,297.75,ppm,historical,emissions,esgf
UKESM1-3-LL,esm-hist,r8i1p1f2,g110,co2,1921,298.418,ppm,historical,emissions,esgf
UKESM1-3-LL,esm-hist,r8i1p1f2,g110,co2,1922,299.034,ppm,historical,emissions,esgf
UKESM1-3-LL,esm-hist,r8i1p1f2,g110,co2,1923,299.253,ppm,historical,emissions,esgf
UKESM1-3-LL,esm-hist,r8i1p1f2,g110,co2,1924,298.802,ppm,historical,emissions,esgf
UKESM1-3-LL,esm-hist,r8i1p1f2,g110,co2,1925,299.203,ppm,historical,emissions,esgf
UKESM1-3-LL,esm-hist,r8i1p1f2,g110,co2,1926,299.896,ppm,historical,emissions,esgf
UKESM1-3-LL,esm-hist,r8i1p1f2,g110,co2,1927,299.728,ppm,historical,emissions,esgf
UKESM1-3-LL,esm-hist,r8i1p1f2,g110,co2,1928,299.893,ppm,historical,emissions,esgf
UKESM1-3-LL,esm-hist,r8i1p1f2,g110,co2,1929,300.656,ppm,historical,emissions,esgf
UKESM1-3-LL,esm-hist,r8i1p1f2,g110,co2,1930,301.057,ppm,historical,emissions,esgf
UKESM1-3-LL,esm-hist,r8i1p1f2,g110,co2,1931,301.533,ppm,historical,emissions,esgf
UKESM1-3-LL,esm-hist,r8i1p1f2,g110,co2,1932,301.229,ppm,historical,emissions,esgf
UKESM1-3-LL,esm-hist,r8i1p1f2,g110,co2,1933,301.633,ppm,historical,emissions,esgf
UKESM1-3-LL,esm-hist,r8i1p1f2,g110,co2,1934,302.191,ppm,historical,emissions,esgf
UKESM1-3-LL,esm-hist,r8i1p1f2,g110,co2,1935,302.909,ppm,historical,emissions,esgf
UKESM1-3-LL,esm-hist,r8i1p1f2,g110,co2,1936,303.887,ppm,historical,emissions,esgf
UKESM1-3-LL,esm-hist,r8i1p1f2,g110,co2,1937,304.149,ppm,historical,emissions,esgf
UKESM1-3-LL,esm-hist,r8i1p1f2,g110,co2,1938,304.421,ppm,historical,emissions,esgf
UKESM1-3-LL,esm-hist,r8i1p1f2,g110,co2,1939,305.025,ppm,historical,emissions,esgf
UKESM1-3-LL,esm-hist,r8i1p1f2,g110,co2,1940,305.949,ppm,historical,emissions,esgf
UKESM1-3-LL,esm-hist,r8i1p1f2,g110,co2,1941,306.433,ppm,historical,emissions,esgf
UKESM1-3-LL,esm-hist,r8i1p1f2,g110,co2,1942,307.088,ppm,historical,emissions,esgf
UKESM1-3-LL,esm-hist,r8i1p1f2,g110,co2,1943,307.316,ppm,historical,emissions,esgf
UKESM1-3-LL,esm-hist,r8i1p1f2,g110,co2,1944,307.743,ppm,historical,emissions,esgf
UKESM1-3-LL,esm-hist,r8i1p1f2,g110,co2,1945,308.083,ppm,historical,emissions,esgf
UKESM1-3-LL,esm-hist,r8i1p1f2,g110,co2,1946,308.602,ppm,historical,emissions,esgf
UKESM1-3-LL,esm-hist,r8i1p1f2,g110,co2,1947,308.569,ppm,historical,emissions,esgf
UKESM1-3-LL,esm-hist,r8i1p1f2,g110,co2,1948,309.318,ppm,historical,emissions,esgf
UKESM1-3-LL,esm-hist,r8i1p1f2,g110,co2,1949,310.022,ppm,historical,emissions,esgf
UKESM1-3-LL,esm-hist,r8i1p1f2,g110,co2,1950,310.929,ppm,historical,emissions,esgf
UKESM1-3-LL,esm-hist,r8i1p1f2,g110,co2,1951,310.897,ppm,historical,emissions,esgf
UKESM1-3-LL,esm-hist,r8i1p1f2,g110,co2,1952,311.052,ppm,historical,emissions,esgf
UKESM1-3-LL,esm-hist,r8i1p1f2,g110,co2,1953,311.821,ppm,historical,emissions,esgf
UKESM1-3-LL,esm-hist,r8i1p1f2,g110,co2,1954,312.917,ppm,historical,emissions,esgf
UKESM1-3-LL,esm-hist,r8i1p1f2,g110,co2,1955,313.489,ppm,historical,emissions,esgf
UKESM1-3-LL,esm-hist,r8i1p1f2,g110,co2,1956,314.166,ppm,historical,emissions,esgf
UKESM1-3-LL,esm-hist,r8i1p1f2,g110,co2,1957,314.783,ppm,historical,emissions,esgf
UKESM1-3-LL,esm-hist,r8i1p1f2,g110,co2,1958,315.264,ppm,historical,emissions,esgf
UKESM1-3-LL,esm-hist,r8i1p1f2,g110,co2,1959,316.193,ppm,historical,emissions,esgf
UKESM1-3-LL,esm-hist,r8i1p1f2,g110,co2,1960,317.528,ppm,historical,emissions,esgf
UKESM1-3-LL,esm-hist,r8i1p1f2,g110,co2,1961,318.014,ppm,historical,emissions,esgf
UKESM1-3-LL,esm-hist,r8i1p1f2,g110,co2,1962,318.097,ppm,historical,emissions,esgf
UKESM1-3-LL,esm-hist,r8i1p1f2,g110,co2,1963,319.518,ppm,historical,emissions,esgf
UKESM1-3-LL,esm-hist,r8i1p1f2,g110,co2,1964,320.237,ppm,historical,emissions,esgf
UKESM1-3-LL,esm-hist,r8i1p1f2,g110,co2,1965,320.823,ppm,historical,emissions,esgf
UKESM1-3-LL,esm-hist,r8i1p1f2,g110,co2,1966,322.317,ppm,historical,emissions,esgf
UKESM1-3-LL,esm-hist,r8i1p1f2,g110,co2,1967,323.695,ppm,historical,emissions,esgf
UKESM1-3-LL,esm-hist,r8i1p1f2,g110,co2,1968,325.438,ppm,historical,emissions,esgf
UKESM1-3-LL,esm-hist,r8i1p1f2,g110,co2,1969,326.759,ppm,historical,emissions,esgf
UKESM1-3-LL,esm-hist,r8i1p1f2,g110,co2,1970,327.873,ppm,historical,emissions,esgf
UKESM1-3-LL,esm-hist,r8i1p1f2,g110,co2,1971,328.8,ppm,historical,emissions,esgf
UKESM1-3-LL,esm-hist,r8i1p1f2,g110,co2,1972,329.431,ppm,historical,emissions,esgf
UKESM1-3-LL,esm-hist,r8i1p1f2,g110,co2,1973,331.386,ppm,historical,emissions,esgf
UKESM1-3-LL,esm-hist,r8i1p1f2,g110,co2,1974,333.416,ppm,historical,emissions,esgf
UKESM1-3-LL,esm-hist,r8i1p1f2,g110,co2,1975,334.603,ppm,historical,emissions,esgf
UKESM1-3-LL,esm-hist,r8i1p1f2,g110,co2,1976,335.988,ppm,historical,emissions,esgf
UKESM1-3-LL,esm-hist,r8i1p1f2,g110,co2,1977,337.677,ppm,historical,emissions,esgf
UKESM1-3-LL,esm-hist,r8i1p1f2,g110,co2,1978,338.914,ppm,historical,emissions,esgf
UKESM1-3-LL,esm-hist,r8i1p1f2,g110,co2,1979,340.514,ppm,historical,emissions,esgf
UKESM1-3-LL,esm-hist,r8i1p1f2,g110,co2,1980,342.027,ppm,historical,emissions,esgf
UKESM1-3-LL,esm-hist,r8i1p1f2,g110,co2,1981,343.603,ppm,historical,emissions,esgf
UKESM1-3-LL,esm-hist,r8i1p1f2,g110,co2,1982,345.219,ppm,historical,emissions,esgf
UKESM1-3-LL,esm-hist,r8i1p1f2,g110,co2,1983,346.717,ppm,historical,emissions,esgf
UKESM1-3-LL,esm-hist,r8i1p1f2,g110,co2,1984,348.274,ppm,historical,emissions,esgf
UKESM1-3-LL,esm-hist,r8i1p1f2,g110,co2,1985,349.665,ppm,historical,emissions,esgf
UKESM1-3-LL,esm-hist,r8i1p1f2,g110,co2,1986,351.571,ppm,historical,emissions,esgf
UKESM1-3-LL,esm-hist,r8i1p1f2,g110,co2,1987,353.706,ppm,historical,emissions,esgf
UKESM1-3-LL,esm-hist,r8i1p1f2,g110,co2,1988,355.49,ppm,historical,emissions,esgf
UKESM1-3-LL,esm-hist,r8i1p1f2,g110,co2,1989,356.713,ppm,historical,emissions,esgf
UKESM1-3-LL,esm-hist,r8i1p1f2,g110,co2,1990,357.852,ppm,historical,emissions,esgf
UKESM1-3-LL,esm-hist,r8i1p1f2,g110,co2,1991,359.572,ppm,historical,emissions,esgf
UKESM1-3-LL,esm-hist,r8i1p1f2,g110,co2,1992,360.775,ppm,historical,emissions,esgf
UKESM1-3-LL,esm-hist,r8i1p1f2,g110,co2,1993,361.524,ppm,historical,emissions,esgf
UKESM1-3-LL,esm-hist,r8i1p1f2,g110,co2,1994,362.356,ppm,historical,emissions,esgf
UKESM1-3-LL,esm-hist,r8i1p1f2,g110,co2,1995,364.605,ppm,historical,emissions,esgf
UKESM1-3-LL,esm-hist,r8i1p1f2,g110,co2,1996,366.013,ppm,historical,emissions,esgf
UKESM1-3-LL,esm-hist,r8i1p1f2,g110,co2,1997,367.826,ppm,historical,emissions,esgf
UKESM1-3-LL,esm-hist,r8i1p1f2,g110,co2,1998,370.044,ppm,historical,emissions,esgf
UKESM1-3-LL,esm-hist,r8i1p1f2,g110,co2,1999,372.085,ppm,historical,emissions,esgf
UKESM1-3-LL,esm-hist,r8i1p1f2,g110,co2,2000,374.179,ppm,historical,emissions,esgf
UKESM1-3-LL,esm-hist,r8i1p1f2,g110,co2,2001,376.107,ppm,historical,emissions,esgf
UKESM1-3-LL,esm-hist,r8i1p1f2,g110,co2,2002,377.788,ppm,historical,emissions,esgf
UKESM1-3-LL,esm-hist,r8i1p1f2,g110,co2,2003,379.954,ppm,historical,emissions,esgf
UKESM1-3-LL,esm-hist,r8i1p1f2,g110,co2,2004,382.284,ppm,historical,emissions,esgf
UKESM1-3-LL,esm-hist,r8i1p1f2,g110,co2,2005,384.261,ppm,historical,emissions,esgf
UKESM1-3-LL,esm-hist,r8i1p1f2,g110,co2,2006,386.261,ppm,historical,emissions,esgf
UKESM1-3-LL,esm-hist,r8i1p1f2,g110,co2,2007,388.624,ppm,historical,emissions,esgf
UKESM1-3-LL,esm-hist,r8i1p1f2,g110,co2,2008,390.676,ppm,historical,emissions,esgf
UKESM1-3-LL,esm-hist,r8i1p1f2,g110,co2,2009,392.502,ppm,historical,emissions,esgf
UKESM1-3-LL,esm-hist,r8i1p1f2,g110,co2,2010,394.912,ppm,historical,emissions,esgf
UKESM1-3-LL,esm-hist,r8i1p1f2,g110,co2,2011,397.204,ppm,historical,emissions,esgf
UKESM1-3-LL,esm-hist,r8i1p1f2,g110,co2,2012,399.429,ppm,historical,emissions,esgf
UKESM1-3-LL,esm-hist,r8i1p1f2,g110,co2,2013,401.823,ppm,historical,emissions,esgf
UKESM1-3-LL,esm-hist,r8i1p1f2,g110,co2,2014,404.683,ppm,historical,emissions,esgf
UKESM1-3-LL,esm-hist,r8i1p1f2,g110,co2,2015,407.816,ppm,historical,emissions,esgf
UKESM1-3-LL,esm-hist,r8i1p1f2,g110,co2,2016,410.854,ppm,historical,emissions,esgf
UKESM1-3-LL,esm-hist,r8i1p1f2,g110,co2,2017,413.587,ppm,historical,emissions,esgf
UKESM1-3-LL,esm-hist,r8i1p1f2,g110,co2,2018,417.131,ppm,historical,emissions,esgf
UKESM1-3-LL,esm-hist,r8i1p1f2,g110,co2,2019,420.259,ppm,historical,emissions,esgf
UKESM1-3-LL,esm-hist,r8i1p1f2,g110,co2,2020,422.711,ppm,historical,emissions,esgf
UKESM1-3-LL,esm-hist,r8i1p1f2,g110,co2,2021,425.201,ppm,historical,emissions,esgf
UKESM1-3-LL,esm-scen7-h,r5i1p1f1,g110,co2,2022,430.572,ppm,h,emissions,esgf
UKESM1-3-LL,esm-scen7-h,r5i1p1f1,g110,co2,2023,433.539,ppm,h,emissions,esgf
UKESM1-3-LL,esm-scen7-h,r5i1p1f1,g110,co2,2024,436.198,ppm,h,emissions,esgf
UKESM1-3-LL,esm-scen7-h,r5i1p1f1,g110,co2,2025,439.885,ppm,h,emissions,esgf
UKESM1-3-LL,esm-scen7-h,r5i1p1f1,g110,co2,2026,442.5,ppm,h,emissions,esgf
UKESM1-3-LL,esm-scen7-h,r5i1p1f1,g110,co2,2027,444.376,ppm,h,emissions,esgf
UKESM1-3-LL,esm-scen7-h,r5i1p1f1,g110,co2,2028,446.793,ppm,h,emissions,esgf
UKESM1-3-LL,esm-scen7-h,r5i1p1f1,g110,co2,2029,449.186,ppm,h,emissions,esgf
UKESM1-3-LL,esm-scen7-h,r5i1p1f1,g110,co2,2030,452.663,ppm,h,emissions,esgf
UKESM1-3-LL,esm-scen7-h,r5i1p1f1,g110,co2,2031,456.276,ppm,h,emissions,esgf
UKESM1-3-LL,esm-scen7-h,r5i1p1f1,g110,co2,2032,459.529,ppm,h,emissions,esgf
UKESM1-3-LL,esm-scen7-h,r5i1p1f1,g110,co2,2033,463.301,ppm,h,emissions,esgf
UKESM1-3-LL,esm-scen7-h,r5i1p1f1,g110,co2,2034,467.374,ppm,h,emissions,esgf
UKESM1-3-LL,esm-scen7-h,r5i1p1f1,g110,co2,2035,470.585,ppm,h,emissions,esgf
UKESM1-3-LL,esm-scen7-h,r5i1p1f1,g110,co2,2036,473.591,ppm,h,emissions,esgf
UKESM1-3-LL,esm-scen7-h,r5i1p1f1,g110,co2,2037,476.367,ppm,h,emissions,esgf
UKESM1-3-LL,esm-scen7-h,r5i1p1f1,g110,co2,2038,480.098,ppm,h,emissions,esgf
UKESM1-3-LL,esm-scen7-h,r5i1p1f1,g110,co2,2039,483.564,ppm,h,emissions,esgf
UKESM1-3-LL,esm-scen7-h,r5i1p1f1,g110,co2,2040,486.418,ppm,h,emissions,esgf
UKESM1-3-LL,esm-scen7-h,r5i1p1f1,g110,co2,2041,490.102,ppm,h,emissions,esgf
UKESM1-3-LL,esm-scen7-h,r5i1p1f1,g110,co2,2042,494.369,ppm,h,emissions,esgf
UKESM1-3-LL,esm-scen7-h,r5i1p1f1,g110,co2,2043,497.558,ppm,h,emissions,esgf
UKESM1-3-LL,esm-scen7-h,r5i1p1f1,g110,co2,2044,500.769,ppm,h,emissions,esgf
UKESM1-3-LL,esm-scen7-h,r5i1p1f1,g110,co2,2045,503.917,ppm,h,emissions,esgf
UKESM1-3-LL,esm-scen7-h,r5i1p1f1,g110,co2,2046,507.282,ppm,h,emissions,esgf
UKESM1-3-LL,esm-scen7-h,r5i1p1f1,g110,co2,2047,510.365,ppm,h,emissions,esgf
UKESM1-3-LL,esm-scen7-h,r5i1p1f1,g110,co2,2048,513.512,ppm,h,emissions,esgf
UKESM1-3-LL,esm-scen7-h,r5i1p1f1,g110,co2,2049,516.813,ppm,h,emissions,esgf
UKESM1-3-LL,esm-scen7-h,r5i1p1f1,g110,co2,2050,519.659,ppm,h,emissions,esgf
UKESM1-3-LL,esm-scen7-h,r5i1p1f1,g110,co2,2051,521.905,ppm,h,emissions,esgf
UKESM1-3-LL,esm-scen7-h,r5i1p1f1,g110,co2,2052,524.856,ppm,h,emissions,esgf
UKESM1-3-LL,esm-scen7-h,r5i1p1f1,g110,co2,2053,528.934,ppm,h,emissions,esgf
UKESM1-3-LL,esm-scen7-h,r5i1p1f1,g110,co2,2054,533.544,ppm,h,emissions,esgf
UKESM1-3-LL,esm-scen7-h,r5i1p1f1,g110,co2,2055,537.468,ppm,h,emissions,esgf
UKESM1-3-LL,esm-scen7-h,r5i1p1f1,g110,co2,2056,541.577,ppm,h,emissions,esgf
UKESM1-3-LL,esm-scen7-h,r5i1p1f1,g110,co2,2057,545.173,ppm,h,emissions,esgf
UKESM1-3-LL,esm-scen7-h,r5i1p1f1,g110,co2,2058,548.605,ppm,h,emissions,esgf
UKESM1-3-LL,esm-scen7-h,r5i1p1f1,g110,co2,2059,552.564,ppm,h,emissions,esgf
UKESM1-3-LL,esm-scen7-h,r5i1p1f1,g110,co2,2060,557.416,ppm,h,emissions,esgf
UKESM1-3-LL,esm-scen7-h,r5i1p1f1,g110,co2,2061,562.341,ppm,h,emissions,esgf
UKESM1-3-LL,esm-scen7-h,r5i1p1f1,g110,co2,2062,566.8,ppm,h,emissions,esgf
UKESM1-3-LL,esm-scen7-h,r5i1p1f1,g110,co2,2063,570.355,ppm,h,emissions,esgf
UKESM1-3-LL,esm-scen7-h,r5i1p1f1,g110,co2,2064,574.764,ppm,h,emissions,esgf
UKESM1-3-LL,esm-scen7-h,r5i1p1f1,g110,co2,2065,578.789,ppm,h,emissions,esgf
UKESM1-3-LL,esm-scen7-h,r5i1p1f1,g110,co2,2066,582.825,ppm,h,emissions,esgf
UKESM1-3-LL,esm-scen7-h,r5i1p1f1,g110,co2,2067,587.307,ppm,h,emissions,esgf
UKESM1-3-LL,esm-scen7-h,r5i1p1f1,g110,co2,2068,591.532,ppm,h,emissions,esgf
UKESM1-3-LL,esm-scen7-h,r5i1p1f1,g110,co2,2069,595.452,ppm,h,emissions,esgf
UKESM1-3-LL,esm-scen7-h,r5i1p1f1,g110,co2,2070,599.682,ppm,h,emissions,esgf
UKESM1-3-LL,esm-scen7-h,r5i1p1f1,g110,co2,2071,604.377,ppm,h,emissions,esgf
UKESM1-3-LL,esm-scen7-h,r5i1p1f1,g110,co2,2072,608.227,ppm,h,emissions,esgf
UKESM1-3-LL,esm-scen7-h,r5i1p1f1,g110,co2,2073,612.419,ppm,h,emissions,esgf
UKESM1-3-LL,esm-scen7-h,r5i1p1f1,g110,co2,2074,615.925,ppm,h,emissions,esgf
UKESM1-3-LL,esm-scen7-h,r5i1p1f1,g110,co2,2075,619.579,ppm,h,emissions,esgf
UKESM1-3-LL,esm-scen7-h,r5i1p1f1,g110,co2,2076,624.857,ppm,h,emissions,esgf
UKESM1-3-LL,esm-scen7-h,r5i1p1f1,g110,co2,2077,628.568,ppm,h,emissions,esgf
UKESM1-3-LL,esm-scen7-h,r5i1p1f1,g110,co2,2078,632.168,ppm,h,emissions,esgf
UKESM1-3-LL,esm-scen7-h,r5i1p1f1,g110,co2,2079,636.46,ppm,h,emissions,esgf
UKESM1-3-LL,esm-scen7-h,r5i1p1f1,g110,co2,2080,640.975,ppm,h,emissions,esgf
UKESM1-3-LL,esm-scen7-h,r5i1p1f1,g110,co2,2081,645.848,ppm,h,emissions,esgf
UKESM1-3-LL,esm-scen7-h,r5i1p1f1,g110,co2,2082,650.474,ppm,h,emissions,esgf
UKESM1-3-LL,esm-scen7-h,r5i1p1f1,g110,co2,2083,654.154,ppm,h,emissions,esgf
UKESM1-3-LL,esm-scen7-h,r5i1p1f1,g110,co2,2084,659.074,ppm,h,emissions,esgf
UKESM1-3-LL,esm-scen7-h,r5i1p1f1,g110,co2,2085,663.86,ppm,h,emissions,esgf
UKESM1-3-LL,esm-scen7-h,r5i1p1f1,g110,co2,2086,668.407,ppm,h,emissions,esgf
UKESM1-3-LL,esm-scen7-h,r5i1p1f1,g110,co2,2087,673.253,ppm,h,emissions,esgf
UKESM1-3-LL,esm-scen7-h,r5i1p1f1,g110,co2,2088,676.624,ppm,h,emissions,esgf
UKESM1-3-LL,esm-scen7-h,r5i1p1f1,g110,co2,2089,680.955,ppm,h,emissions,esgf
UKESM1-3-LL,esm-scen7-h,r5i1p1f1,g110,co2,2090,685.648,ppm,h,emissions,esgf
UKESM1-3-LL,esm-scen7-h,r5i1p1f1,g110,co2,2091,689.909,ppm,h,emissions,esgf
UKESM1-3-LL,esm-scen7-h,r5i1p1f1,g110,co2,2092,695.137,ppm,h,emissions,esgf
UKESM1-3-LL,esm-scen7-h,r5i1p1f1,g110,co2,2093,700.837,ppm,h,emissions,esgf
UKESM1-3-LL,esm-scen7-h,r5i1p1f1,g110,co2,2094,704.736,ppm,h,emissions,esgf
UKESM1-3-LL,esm-scen7-h,r5i1p1f1,g110,co2,2095,709.559,ppm,h,emissions,esgf
UKESM1-3-LL,esm-scen7-h,r5i1p1f1,g110,co2,2096,715.214,ppm,h,emissions,esgf
UKESM1-3-LL,esm-scen7-h,r5i1p1f1,g110,co2,2097,719.501,ppm,h,emissions,esgf
UKESM1-3-LL,esm-scen7-h,r5i1p1f1,g110,co2,2098,724.09,ppm,h,emissions,esgf
UKESM1-3-LL,esm-scen7-h,r5i1p1f1,g110,co2,2099,728.705,ppm,h,emissions,esgf
UKESM1-3-LL,esm-scen7-h,r5i1p1f1,g110,co2,2100,736.03,ppm,h,emissions,esgf
UKESM1-3-LL,esm-scen7-vl,r5i1p1f1,g110,co2,2022,430.458,ppm,vl,emissions,esgf
UKESM1-3-LL,esm-scen7-vl,r5i1p1f1,g110,co2,2023,433.764,ppm,vl,emissions,esgf
UKESM1-3-LL,esm-scen7-vl,r5i1p1f1,g110,co2,2024,436.532,ppm,vl,emissions,esgf
UKESM1-3-LL,esm-scen7-vl,r5i1p1f1,g110,co2,2025,439.381,ppm,vl,emissions,esgf
UKESM1-3-LL,esm-scen7-vl,r5i1p1f1,g110,co2,2026,442,ppm,vl,emissions,esgf
UKESM1-3-LL,esm-scen7-vl,r5i1p1f1,g110,co2,2027,444.8,ppm,vl,emissions,esgf
UKESM1-3-LL,esm-scen7-vl,r5i1p1f1,g110,co2,2028,447.7,ppm,vl,emissions,esgf
UKESM1-3-LL,esm-scen7-vl,r5i1p1f1,g110,co2,2029,450.246,ppm,vl,emissions,esgf
UKESM1-3-LL,esm-scen7-vl,r5i1p1f1,g110,co2,2030,452.326,ppm,vl,emissions,esgf
UKESM1-3-LL,esm-scen7-vl,r5i1p1f1,g110,co2,2031,454.565,ppm,vl,emissions,esgf
UKESM1-3-LL,esm-scen7-vl,r5i1p1f1,g110,co2,2032,456.271,ppm,vl,emissions,esgf
UKESM1-3-LL,esm-scen7-vl,r5i1p1f1,g110,co2,2033,457.739,ppm,vl,emissions,esgf
UKESM1-3-LL,esm-scen7-vl,r5i1p1f1,g110,co2,2034,458.514,ppm,vl,emissions,esgf
UKESM1-3-LL,esm-scen7-vl,r5i1p1f1,g110,co2,2035,459.916,ppm,vl,emissions,esgf
UKESM1-3-LL,esm-scen7-vl,r5i1p1f1,g110,co2,2036,461.104,ppm,vl,emissions,esgf
UKESM1-3-LL,esm-scen7-vl,r5i1p1f1,g110,co2,2037,461.859,ppm,vl,emissions,esgf
UKESM1-3-LL,esm-scen7-vl,r5i1p1f1,g110,co2,2038,462.14,ppm,vl,emissions,esgf
UKESM1-3-LL,esm-scen7-vl,r5i1p1f1,g110,co2,2039,462.357,ppm,vl,emissions,esgf
UKESM1-3-LL,esm-scen7-vl,r5i1p1f1,g110,co2,2040,462.53,ppm,vl,emissions,esgf
UKESM1-3-LL,esm-scen7-vl,r5i1p1f1,g110,co2,2041,462.457,ppm,vl,emissions,esgf
UKESM1-3-LL,esm-scen7-vl,r5i1p1f1,g110,co2,2042,462.913,ppm,vl,emissions,esgf
UKESM1-3-LL,esm-scen7-vl,r5i1p1f1,g110,co2,2043,462.914,ppm,vl,emissions,esgf
UKESM1-3-LL,esm-scen7-vl,r5i1p1f1,g110,co2,2044,461.535,ppm,vl,emissions,esgf
UKESM1-3-LL,esm-scen7-vl,r5i1p1f1,g110,co2,2045,460.607,ppm,vl,emissions,esgf
UKESM1-3-LL,esm-scen7-vl,r5i1p1f1,g110,co2,2046,460.613,ppm,vl,emissions,esgf
UKESM1-3-LL,esm-scen7-vl,r5i1p1f1,g110,co2,2047,461.119,ppm,vl,emissions,esgf
UKESM1-3-LL,esm-scen7-vl,r5i1p1f1,g110,co2,2048,459.946,ppm,vl,emissions,esgf
UKESM1-3-LL,esm-scen7-vl,r5i1p1f1,g110,co2,2049,458.263,ppm,vl,emissions,esgf
UKESM1-3-LL,esm-scen7-vl,r5i1p1f1,g110,co2,2050,457.117,ppm,vl,emissions,esgf
UKESM1-3-LL,esm-scen7-vl,r5i1p1f1,g110,co2,2051,456.153,ppm,vl,emissions,esgf
UKESM1-3-LL,esm-scen7-vl,r5i1p1f1,g110,co2,2052,456.076,ppm,vl,emissions,esgf
UKESM1-3-LL,esm-scen7-vl,r5i1p1f1,g110,co2,2053,455.059,ppm,vl,emissions,esgf
UKESM1-3-LL,esm-scen7-vl,r5i1p1f1,g110,co2,2054,453.917,ppm,vl,emissions,esgf
UKESM1-3-LL,esm-scen7-vl,r5i1p1f1,g110,co2,2055,453.632,ppm,vl,emissions,esgf
UKESM1-3-LL,esm-scen7-vl,r5i1p1f1,g110,co2,2056,452.955,ppm,vl,emissions,esgf
UKESM1-3-LL,esm-scen7-vl,r5i1p1f1,g110,co2,2057,451.553,ppm,vl,emissions,esgf
UKESM1-3-LL,esm-scen7-vl,r5i1p1f1,g110,co2,2058,450.321,ppm,vl,emissions,esgf
UKESM1-3-LL,esm-scen7-vl,r5i1p1f1,g110,co2,2059,448.831,ppm,vl,emissions,esgf
UKESM1-3-LL,esm-scen7-vl,r5i1p1f1,g110,co2,2060,448.391,ppm,vl,emissions,esgf
UKESM1-3-LL,esm-scen7-vl,r5i1p1f1,g110,co2,2061,447.643,ppm,vl,emissions,esgf
UKESM1-3-LL,esm-scen7-vl,r5i1p1f1,g110,co2,2062,447.813,ppm,vl,emissions,esgf
UKESM1-3-LL,esm-scen7-vl,r5i1p1f1,g110,co2,2063,447.52,ppm,vl,emissions,esgf
UKESM1-3-LL,esm-scen7-vl,r5i1p1f1,g110,co2,2064,447.126,ppm,vl,emissions,esgf
UKESM1-3-LL,esm-scen7-vl,r5i1p1f1,g110,co2,2065,447.167,ppm,vl,emissions,esgf
UKESM1-3-LL,esm-scen7-vl,r5i1p1f1,g110,co2,2066,445.468,ppm,vl,emissions,esgf
UKESM1-3-LL,esm-scen7-vl,r5i1p1f1,g110,co2,2067,444.141,ppm,vl,emissions,esgf
UKESM1-3-LL,esm-scen7-vl,r5i1p1f1,g110,co2,2068,443.576,ppm,vl,emissions,esgf
UKESM1-3-LL,esm-scen7-vl,r5i1p1f1,g110,co2,2069,443.558,ppm,vl,emissions,esgf
UKESM1-3-LL,esm-scen7-vl,r5i1p1f1,g110,co2,2070,442.647,ppm,vl,emissions,esgf
UKESM1-3-LL,esm-scen7-vl,r5i1p1f1,g110,co2,2071,440.968,ppm,vl,emissions,esgf
UKESM1-3-LL,esm-scen7-vl,r5i1p1f1,g110,co2,2072,440.073,ppm,vl,emissions,esgf
UKESM1-3-LL,esm-scen7-vl,r5i1p1f1,g110,co2,2073,439.97,ppm,vl,emissions,esgf
UKESM1-3-LL,esm-scen7-vl,r5i1p1f1,g110,co2,2074,439.895,ppm,vl,emissions,esgf
UKESM1-3-LL,esm-scen7-vl,r5i1p1f1,g110,co2,2075,438.914,ppm,vl,emissions,esgf
UKESM1-3-LL,esm-scen7-vl,r5i1p1f1,g110,co2,2076,437.75,ppm,vl,emissions,esgf
UKESM1-3-LL,esm-scen7-vl,r5i1p1f1,g110,co2,2077,436.88,ppm,vl,emissions,esgf
UKESM1-3-LL,esm-scen7-vl,r5i1p1f1,g110,co2,2078,436.084,ppm,vl,emissions,esgf
UKESM1-3-LL,esm-scen7-vl,r5i1p1f1,g110,co2,2079,435.145,ppm,vl,emissions,esgf
UKESM1-3-LL,esm-scen7-vl,r5i1p1f1,g110,co2,2080,434.243,ppm,vl,emissions,esgf
UKESM1-3-LL,esm-scen7-vl,r5i1p1f1,g110,co2,2081,433.756,ppm,vl,emissions,esgf
UKESM1-3-LL,esm-scen7-vl,r5i1p1f1,g110,co2,2082,432.466,ppm,vl,emissions,esgf
UKESM1-3-LL,esm-scen7-vl,r5i1p1f1,g110,co2,2083,431.538,ppm,vl,emissions,esgf
UKESM1-3-LL,esm-scen7-vl,r5i1p1f1,g110,co2,2084,430.543,ppm,vl,emissions,esgf
UKESM1-3-LL,esm-scen7-vl,r5i1p1f1,g110,co2,2085,430.24,ppm,vl,emissions,esgf
UKESM1-3-LL,esm-scen7-vl,r5i1p1f1,g110,co2,2086,429.931,ppm,vl,emissions,esgf
UKESM1-3-LL,esm-scen7-vl,r5i1p1f1,g110,co2,2087,428.781,ppm,vl,emissions,esgf
UKESM1-3-LL,esm-scen7-vl,r5i1p1f1,g110,co2,2088,427.844,ppm,vl,emissions,esgf
UKESM1-3-LL,esm-scen7-vl,r5i1p1f1,g110,co2,2089,428.124,ppm,vl,emissions,esgf
UKESM1-3-LL,esm-scen7-vl,r5i1p1f1,g110,co2,2090,427.879,ppm,vl,emissions,esgf
UKESM1-3-LL,esm-scen7-vl,r5i1p1f1,g110,co2,2091,427.106,ppm,vl,emissions,esgf
UKESM1-3-LL,esm-scen7-vl,r5i1p1f1,g110,co2,2092,426.824,ppm,vl,emissions,esgf
UKESM1-3-LL,esm-scen7-vl,r5i1p1f1,g110,co2,2093,426.515,ppm,vl,emissions,esgf
UKESM1-3-LL,esm-scen7-vl,r5i1p1f1,g110,co2,2094,425.656,ppm,vl,emissions,esgf
UKESM1-3-LL,esm-scen7-vl,r5i1p1f1,g110,co2,2095,424.89,ppm,vl,emissions,esgf
UKESM1-3-LL,esm-scen7-vl,r5i1p1f1,g110,co2,2096,424.745,ppm,vl,emissions,esgf
UKESM1-3-LL,esm-scen7-vl,r5i1p1f1,g110,co2,2097,423.808,ppm,vl,emissions,esgf
UKESM1-3-LL,esm-scen7-vl,r5i1p1f1,g110,co2,2098,423.358,ppm,vl,emissions,esgf
UKESM1-3-LL,esm-scen7-vl,r5i1p1f1,g110,co2,2099,422.294,ppm,vl,emissions,esgf
UKESM1-3-LL,esm-scen7-vl,r5i1p1f1,g110,co2,2100,421.301,ppm,vl,emissions,esgf
